,건축물명,면적,정제도로명주소,정제지번주소,정제WGS84위도,정제WGS84경도
0,오산시실버케어센터,1291,경기도 오산시 발안로 1353-11,경기도 오산시 누읍동 561,37.142466161,127.04654906
1,오산빌리지 경로당,85,경기도 오산시 가수로 33,경기도 오산시 가수동 33 늘푸른오스카빌아파트 114동 1002호,37.1468082004,127.0458249833
2,엘지아파트경로당,42,,경기도 오산시 고현동 37 오산빌리지,37.1348643723,127.0825775672
3,학대피해아동쉼터(여아),50,경기도 오산시 남부대로 464-51,경기도 오산시 청호동 37-3 203동 105호,37.1317821436,127.0827521149
4,학대피해아동쉼터(여아),133,경기도 오산시 청호로 23-22,경기도 오산시 청호동 333 103동 102호,37.1297432372,127.0822679547
5,시립예일어린이집,133,,경기도 오산시 청호동 333,37.1305558447,127.082646266
6,시립푸른숲어린이집,902,,경기도 오산시 갈곶동 106,37.13514216,127.0670388286
7,학대피해아동쉼터(남아),123,경기도 오산시 경기대로 52-21,경기도 오산시 갈곶동 715 104동 105호,37.1294530729,127.0741862997
8,오산시보건소,4342,,경기도 오산시 오산동 25-0,37.159393162,127.0778589217
9,오산종합사회복지관,1474,,경기도 오산시 오산동 25,37.159393162,127.0778589217
10,오산시청,979,경기도 오산시 성호대로 83,경기도 오산시 오산동 871-1,37.1492260955,127.0705733104
11,오산시청사 별관,23837,경기도 오산시 성호대로 141,경기도 오산시 오산동 915,37.1490352115,127.0776575014
12,공용화장실,4300,경기도 오산시 성호대로 141,경기도 오산시 오산동 915,37.1490352115,127.0776575014
13,중앙도서관,61,경기도 오산시 운천로 154,경기도 오산시 오산동 920-1,37.1560167234,127.0764136419
14,직장보육시설,6459,경기도 오산시 운암로 85,경기도 오산시 오산동 920-3,37.1538822281,127.0769323226
15,오산고용복지플러스센터,6462,,경기도 오산시 오산동 34-5,37.1595157022,127.0768333561
16,오산종합운동장,3039,,경기도 오산시 오산동 34-5,37.1595157022,127.0768333561
17,오산스포츠센터,5328,경기도 오산시 경기동로 15,경기도 오산시 오산동 49,37.1568594226,127.0726136232
18,웃말 카네이션하우스,27235,경기도 오산시 경기동로 15,경기도 오산시 오산동 49,37.1568594226,127.0726136232
19,오색시장 제2주차장,295,경기도 오산시 경기동로8번길 24-13,경기도 오산시 오산동 79-5,37.1562636703,127.0748918968
20,오산문화스포츠센터,243,경기도 오산시 시장58번길 1,경기도 오산시 오산동 324-9 외 1,37.1541710742,127.069531796
21,오산천 공영주차장,13094,경기도 오산시 오산천로 271,경기도 오산시 오산동 345,37.1562601917,127.0714232264
22,오산장터 커뮤니티센터,4272,경기도 오산시 오산천로 265,경기도 오산시 오산동 345-2,37.1557414209,127.0700522026
23,남촌애온행복커뮤니티센터,3162,경기도 오산시 역광장로 59,경기도 오산시 오산동 603-3,37.1458325081,127.0669215967
24,남촌마을 주민공동시설,162,경기도 오산시 성호대로28번길 15-3,경기도 오산시 오산동 609-10,37.1481231036,127.0647352069
25,하수종말처리장공중화장실,63,경기도 오산시 오산천로 72,경기도 오산시 오산동 750,37.1404782493,127.0645822452
26,하수종말처리장수위동,21,경기도 오산시 오산천로 72,경기도 오산시 오산동 750,37.1404782493,127.0645822452
27,하수종말처리장유입펌프장,1926,경기도 오산시 오산천로 72,경기도 오산시 오산동 750,37.1404782493,127.0645822452
28,하수종말처리장폐수처리창고,3979,경기도 오산시 오산천로 72,경기도 오산시 오산동 750,37.1404782493,127.0645822452
29,하수종말처리장전처리동,279,경기도 오산시 오산천로 72,경기도 오산시 오산동 750,37.1404782493,127.0645822452
30,하수종말처리장 전기실동,111,경기도 오산시 오산천로 72,경기도 오산시 오산동 750,37.1404782493,127.0645822452
31,하수종말처리장 약품실동,429,경기도 오산시 오산천로 72,경기도 오산시 오산동 750,37.1404782493,127.0645822452
32,하수종말처리장 실험실,888,경기도 오산시 오산천로 72,경기도 오산시 오산동 750,37.1404782493,127.0645822452
33,반려동물테마파크,2935,경기도 오산시 오산천로 72,경기도 오산시 오산동 750,37.1404782493,127.0645822452
34,환경사업소주차장,881,경기도 오산시 오산천로 72,경기도 오산시 오산동 750,37.1404782493,127.0645822452
35,나눔목공소,246,경기도 오산시 오산천로 52,경기도 오산시 오산동 750-1,37.1381716074,127.0645015893
36,오산하수처리장 침사지 및 유입펌프장계단실,1711,경기도 오산시 오산천로 52,경기도 오산시 오산동 750-1,37.1381716074,127.0645015893
37,오산하수처리장 배드민턴동,636,경기도 오산시 오산천로 52,경기도 오산시 오산동 750-1,37.1381716074,127.0645015893
38,캠핑장 관리사무실,1526,경기도 오산시 오산천로 52,경기도 오산시 오산동 750-1,37.1381716074,127.0645015893
39,중앙동주민센터 비동,881,경기도 오산시 오산로278번길 3,경기도 오산시 오산동 843-9,37.1519332018,127.0688800632
40,장애아재활치료교육센터,3296,경기도 오산시 경기대로 307,경기도 오산시 오산동 850-1,37.1523273572,127.0731796787
41,다문화가족지원센터,78,경기도 오산시 오산로272번길 22,경기도 오산시 오산동 862,37.150930792,127.0708564619
42,햇살마루도서관,187,경기도 오산시 부산동길 74-6,경기도 오산시 부산동 503-2,37.1521068118,127.0898590031
43,대원동사무소 부속동창고,2048,,경기도 오산시 원동 404-8,37.1386115648,127.071714212
44,오산남부종합사회복지관,27,,경기도 오산시 원동 404-8,37.1386115648,127.071714212
45,소리울도서관,7564,경기도 오산시 오산로132번길 28-5,경기도 오산시 원동 404-10,37.1384786317,127.0723454846
46,소리울도서관,2356,경기도 오산시 경기대로 102-25,경기도 오산시 원동 481-17,37.1325564683,127.0748894526
47,주민편의시설(철근콘크리트조),3000,경기도 오산시 경기대로 102-25,경기도 오산시 원동 481-17,37.1325564683,127.0748894526
48,시립오산어린이집,473,경기도 오산시 남부대로362번길 22,경기도 오산시 원동 528-5,37.1341208446,127.0762655208
49,원동시립경로당,659,경기도 오산시 오산로226번길 25,경기도 오산시 원동 760-5,37.1471188696,127.071148256
50,원동 어울림(복개천) 공영주차장,175,경기도 오산시 오산로232번길 24,경기도 오산시 원동 760-11,37.1472442906,127.0709335957
51,오산시 아동보호전문기관,128,경기도 오산시 원동로37번길 15,경기도 오산시 원동 784-20,37.1437584151,127.0716514142
52,시립비둘기어린이집,346,경기도 오산시 경기대로 105,경기도 오산시 원동 806-5 로얄프라자,37.1340798954,127.0723927591
53,자원봉사센터,5506,경기도 오산시 운암로 13-6,경기도 오산시 원동 812-5,37.1472160857,127.0756181807
54,신장빗물펌프장,227,경기도 오산시 오산로 371-3,경기도 오산시 궐동 13-10,37.1598095004,127.0658507753
55,오산시 번호판 제작소,66,경기도 오산시 오산로 337-14,경기도 오산시 궐동 75-29,37.157081865,127.0668461756
56,궐동배수지 관리사,418,,경기도 오산시 궐동 94,37.1575891423,127.065063858
57,꿈빛나래청소년문화의집,642,,경기도 오산시 궐동 575,37.1601200944,127.0669752541
58,무단방치견인차 관리사무소,203,경기도 오산시 죽담4로 12-10,경기도 오산시 궐동 산 36-1,37.1676692423,127.048808946
59,청학도서관,866,경기도 오산시 청학로 53,경기도 오산시 청학동 12-1,37.153969879,127.0638120247
60,소방서,591,,경기도 오산시 청학동 16-6,37.154590555,127.0634593457
61,청학동경로당,2286,,경기도 오산시 청학동 16-6,37.154590555,127.0634593457
62,오산시불법옥외광고물관리사무소,1735,경기도 오산시 가장산업동로 69-21,경기도 오산시 가장동 5-2,37.1652557263,127.042346894
63,시립보듬이나눔이어린이집,75,경기도 오산시 가장산업동로 62,경기도 오산시 가장동 16-23,37.162561138,127.0425095579
64,(재)대한화장품연구원,3473,경기도 오산시 가장산업동로 46,경기도 오산시 가장동 375-6,37.1624458264,127.0406631398
65,신장동행정복지센터및건강생활지원센터,450,경기도 오산시 서부로 483-9,경기도 오산시 금암동 298,37.1708756859,127.0410964767
66,죽미다목적체육관,75,,경기도 오산시 금암동 497,37.1774997539,127.0503339541
67,시립오산숲어린이집,5241,경기도 오산시 수청로 192,경기도 오산시 금암동 512,37.177749844,127.0448399923
68,신장 전천후 게이트볼장,21,경기도 오산시 수목원로 449,경기도 오산시 금암동 520,37.1723572372,127.0489838313
69,공원관리사,391,,경기도 오산시 금암동 521,37.1742471114,127.0500278985
70,화성국민주택 경로당,86,경기도 오산시 현충로 5-8,경기도 오산시 수청동 69-37,37.1639684,127.069250978
71,시립매홀어린이집,76,경기도 오산시 청학로173번길 36,경기도 오산시 수청동 522,37.1638450422,127.0602074072
72,오산시U-City통합운영센터,145,경기도 오산시 오산대역로 99,경기도 오산시 수청동 582,37.1704880184,127.052869785
73,시립 은여울어린이집,1098,경기도 오산시 내삼미로80번길 7,경기도 오산시 수청동 624-1,37.1697467554,127.0668640104
74,문화공장 오산,260,경기도 오산시 내삼미로80번길 7,경기도 오산시 수청동 624-1외 1필지(624),37.1697467554,127.0668640104
75,은계동시립경로당,3173,경기도 오산시 현충로 100,경기도 오산시 은계동 7-7,37.1602557297,127.0770770077
76,은계배수지관리사,150,경기도 오산시 현충로72번길 20-5,경기도 오산시 은계동 39-6,37.1608819922,127.0732442122
77,공중화장실(필봉산등산로),79,경기도 오산시 현충로 37,경기도 오산시 은계동 50-5,37.1640279602,127.0712214074
78,방범 및 관리사무소,16,경기도 오산시 현충로 46,경기도 오산시 은계동 53,37.1626351597,127.0719729085
79,미니어처 전시관,4100,,경기도 오산시 내삼미동 251-3,37.1777462567,127.0630810944
80,드라마세트장 관광안내소,3522,,경기도 오산시 내삼미동 263-1,37.1766382084,127.062618538
81,어서오산 휴센터,95,경기도 오산시 북삼미로 42,경기도 오산시 내삼미동 269-4,37.1801072377,127.0628506669
82,오산시니어클럽,714,경기도 오산시 경기대로636번길 13,경기도 오산시 내삼미동 496-2 오산시니어클럽,37.1792651749,127.0569862515
83,공중화장실,1059,,경기도 오산시 내삼미동 879,37.1742490627,127.0534446487
84,시립한신어린이집,2864,,경기도 오산시 외삼미동 640 외 1,,
85,오산시육아종합지원센터,38,경기도 오산시 양산로398번길 58-5,경기도 오산시 양산동 666,37.1909914298,127.0332342581
86,세마동주민자치센터 신축,391,,경기도 오산시 세교동 506,37.1845782651,127.0367662394
87,시외버스 매표소,2041,경기도 오산시 독산성로 419,경기도 오산시 세교동 595-2,37.188316862,127.0408219585
88,꿈두레도서관,566,경기도 오산시 세마역로 60,경기도 오산시 세교동 603-2,37.184609874,127.0449227569
89,죽미체육공원 3:3 농구장,75,,경기도 오산시 세교동 619,37.1805832346,127.0452796888
90,죽미체육공원 3:3 농구장 관리동,1483,,경기도 오산시 세교동 619,37.1805832346,127.0452796888
91,세마하수종말처리장,2962,경기도 오산시 수목원로 541,경기도 오산시 세교동 627,37.1794069937,127.0421263532
92,신동아2차 아파트,5959,경기도 오산시 양산로 43,경기도 오산시 서랑동 295,37.1766081882,127.0006974623
93,오산시 하나울복지센터,2131,경기도 오산시 서녘말길 21,경기도 오산시 서동 492,37.1497158422,127.0309318209
94,운동시설(테니스장/관리실),110,경기도 오산시 송로 44,경기도 오산시 서동 산 12-13,37.150200804,127.049047883
95,시립두곡동경로당,4810,경기도 오산시 초평중앙로 77,경기도 오산시 벌음동 277,37.140185322,127.0441306038
96,공중화장실(두곡교 뒤 다리중간),1473,,경기도 오산시 두곡동 산 21,37.1306757129,127.0411217623
97,임시버스공영차고지 나동,14,,경기도 오산시 탑동 88-1,37.1345902411,127.0544261852
98,자원재활용센타재활용동,360,,경기도 오산시 탑동 187-1,37.1351423195,127.0484730495
99,자원재활용센타 관리동,328,경기도 오산시 오산천로 3-35,경기도 오산시 누읍동 196-4,37.1331372968,127.0586964093
100,음식물쓰레기자원화시설,269,경기도 오산시 오산천로 3-35,경기도 오산시 누읍동 196-4,37.1331372968,127.0586964093
101,학대피해아동쉼터(남아),900,경기도 오산시 동부대로 291-26,경기도 오산시 갈곶동 302-23,37.1273167349,127.0767087335
102,고림동 작은도서관 및 마을회관(1 7 10통),251.16,경기도 용인시 처인구 진덕로 7,경기도 용인시 처인구 고림동 803-1,37.2363739573,127.2174633309
103,고진복지회관(고림5 8통마을회관),175.34,경기도 용인시 처인구 고진로 31-10,경기도 용인시 처인구 고림동 794-40,37.2396773014,127.2154554283
104,구갈희망누리도서관,221.6,경기도 용인시 기흥구 갈곡로12번길 1,경기도 용인시 기흥구 구갈동 598 2층,37.272737442,127.129562938
105,구성동사무소,3102.78,,경기도 용인시 기흥구 언남동 342-1,37.296294493,127.1193380237
106,기흥구청,11119.49,경기도 용인시 기흥구 관곡로 95,경기도 용인시 기흥구 구갈동 355,37.2804510231,127.114702591
107,기흥노인복지관,3459.14,경기도 용인시 기흥구 산양로 71,경기도 용인시 기흥구 신갈동 720,37.2878686917,127.1116977163
108,기흥동행정복지센터,3568.76,경기도 용인시 기흥구 고매로43번길 12-14,경기도 용인시 기흥구 공세동 191-3,37.2315257928,127.1155266202
109,남사도서관,3382.28,경기도 용인시 처인구 남사읍 한숲로 61,경기도 용인시 처인구 남사읍 아곡리 681-1,37.1537827514,127.1705282936
110,노동복지회관,1841.06,경기도 용인시 처인구 중부대로 1356,경기도 용인시 처인구 김량장동 407,37.2340287368,127.1950263799
111,동부동행정복지센터,3255.35,경기도 용인시 처인구 중부대로 1574,경기도 용인시 처인구 마평동 533-8,37.2327634071,127.2191790873
112,마북동주민센터,4375.92,경기도 용인시 기흥구 구교동로118번길 16,경기도 용인시 기흥구 마북동 162-4,37.3016066897,127.1174720189
113,모현도서관,2728.27,경기도 용인시 처인구 모현읍 백옥대로 2378,경기도 용인시 처인구 모현읍 왕산리 804-3,37.3357172035,127.2496371898
114,문화복지행정타운(문화예술원),7171.45,경기도 용인시 처인구 중부대로 1199,경기도 용인시 처인구 삼가동 556,37.2401717248,127.1763197994
115,문화복지행정타운(보건소),6731.75,경기도 용인시 처인구 중부대로 1199,경기도 용인시 처인구 삼가동 556,37.2401717248,127.1763197994
116,문화복지행정타운(복지센터),14877.69,경기도 용인시 처인구 중부대로 1199,경기도 용인시 처인구 삼가동 556,37.2401717248,127.1763197994
117,문화복지행정타운(본청사),43991.95,경기도 용인시 처인구 중부대로 1199,경기도 용인시 처인구 삼가동 556,37.2401717248,127.1763197994
118,문화복지행정타운(의회청사),6521.18,경기도 용인시 처인구 중부대로 1199,경기도 용인시 처인구 삼가동 556,37.2401717248,127.1763197994
119,백암작은도서관(나동),416.49,,경기도 용인시 처인구 백암면 백암리 495-3,37.1633966837,127.3753735896
120,보라공공도서관,4360.04,경기도 용인시 기흥구 한보라2로 116,경기도 용인시 기흥구 보라동 619,37.2484147849,127.1090249576
121,상갈동 행정복지센터,3049.74,경기도 용인시 기흥구 상갈로 2,경기도 용인시 기흥구 상갈동 472,37.2665825552,127.1076904244
122,상현1동사무소,2166.9,경기도 용인시 수지구 상현로 71,경기도 용인시 수지구 상현동 839,37.3046295504,127.0811445401
123,서구복지회관,408.24,경기도 용인시 처인구 중부대로1408번길 5-14,경기도 용인시 처인구 김량장동 351-21,37.2321179695,127.2021926191
124,성복도서관,2592.83,경기도 용인시 수지구 성복1로164번길 6,경기도 용인시 수지구 성복동 461-0,37.3169135772,127.0631656554
125,수지구문화복지종합청사,37569.99,경기도 용인시 수지구 포은대로 435,경기도 용인시 수지구 풍덕천동 720,37.3222450318,127.097401236
126,수지도서관,3834.18,,경기도 용인시 수지구 풍덕천동 1088,37.3202797699,127.0946916926
127,양지면사무소,2203.26,경기도 용인시 처인구 양지면 양지로105번길 5,경기도 용인시 처인구 양지면 양지리 701-9,37.2354877465,127.2798333574
128,영덕동주민센터,3806.68,경기도 용인시 기흥구 흥덕2로118번길 2,경기도 용인시 기흥구 영덕동 1208,37.2778255436,127.0745137864
129,용인시기흥장애인복지관,3245.03,경기도 용인시 기흥구 용구대로2469번길 94,경기도 용인시 기흥구 보정동 1097-8,37.3154318836,127.105834132
130,용인시립도서관,724.37,경기도 용인시 처인구 명지로 27,경기도 용인시 처인구 역북동 504-1,37.2334838006,127.189978048
131,용인죽전공공도서관,4964.58,경기도 용인시 수지구 대지로 89,경기도 용인시 수지구 죽전동 1212,37.3304098735,127.1186467213
132,원삼면사무소,2536.08,경기도 용인시 처인구 원삼면 원양로 64,경기도 용인시 처인구 원삼면 고당리 88-1,37.1665691838,127.3132497187
133,이동꿈틀도서관,792.48,경기도 용인시 처인구 이동읍 경기동로705번길 16,경기도 용인시 처인구 이동읍 송전리 1228-1,37.1391131773,127.1997427053
134,죽전1동 동사무소,2345.18,경기도 용인시 수지구 대지로15번길 50,경기도 용인시 수지구 죽전동 1070-9,37.3310797251,127.1139587986
135,중앙동 행정복지센터,4469.57,경기도 용인시 처인구 금령로90번길 3-20,경기도 용인시 처인구 김량장동 89,37.234944002,127.2076718042
136,처인구청B동,3674.74,경기도 용인시 처인구 금령로 50,경기도 용인시 처인구 김량장동 339-1,37.2343602006,127.2012931829
137,처인구청D동,1358.4,경기도 용인시 처인구 금령로 50,경기도 용인시 처인구 김량장동 339-1,37.2343602006,127.2012931829
138,처인구청G동,49.4,경기도 용인시 처인구 금령로 50,경기도 용인시 처인구 김량장동 339-1,37.2343602006,127.2012931829
139,처인구청H동,1499.65,경기도 용인시 처인구 금령로 50,경기도 용인시 처인구 김량장동 286-3,37.2343602006,127.2012931829
140,청덕도서관,1980.83,경기도 용인시 기흥구 구성1로 44,경기도 용인시 기흥구 청덕동 549,37.2927939851,127.1474373646
141,초부3리복지회관신축,205.48,경기도 용인시 처인구 모현읍 초부로 137,경기도 용인시 처인구 모현읍 초부리 159-2,37.3148454801,127.2561053914
142,포곡도서관,2733.38,경기도 용인시 처인구 포곡읍 포곡로278번길 8,경기도 용인시 처인구 포곡읍 삼계리 556-2,37.2789010985,127.2325779466
143,풍덕천1동주민센터,1985.57,경기도 용인시 수지구 수지로342번길 3,경기도 용인시 수지구 풍덕천동 701-1,37.3279697009,127.0950115914
144,하갈동마을복지회관,668.69,경기도 용인시 기흥구 하갈로 35,경기도 용인시 기흥구 하갈동 149-1,37.2533094412,127.1009370234
145,시립부산동경로당,130,경기도 오산시 운암로 64,경기도 오산시 오산동 923-2 대동황토방아파트 109동 101호,37.1509733323,127.0776805065
146,대원동행정복지센터,999,,경기도 오산시 원동 404-8,37.1386115648,127.071714212
147,원3·6통 경로당,5608,경기도 오산시 오산로190번길 31-1,경기도 오산시 원동 772-16,37.1442647016,127.0720651866
148,오산시 아동보호전문기관,213,경기도 오산시 경기대로 105,경기도 오산시 원동 806-5 503호,37.1340798954,127.0723927591
149,운암공영주차장,5506,경기도 오산시 운암로 13-6,경기도 오산시 원동 812-5,37.1472160857,127.0756181807
150,원동공원내공중화장실,3820,경기도 오산시 운암로 7,경기도 오산시 원동 813-11,37.1470189876,127.0759571003
151,신흥연립 경로당,387,경기도 오산시 은여울로17번길 8,경기도 오산시 궐동 55-1,37.1579297223,127.0694654369
152,시립 신장삼안 경로당,54,경기도 오산시 은여울로17번길 8,경기도 오산시 궐동 55-11 신흥연립 109호,37.1579297223,127.0694654369
153,신장동복지회관,50,경기도 오산시 청학로147번길 29-8,경기도 오산시 궐동 130-15,37.1621957534,127.0600290269
154,오산에어돔 배드민턴구장,1047,경기도 오산시 청학로 125,경기도 오산시 궐동 585-2,37.1600819028,127.0639345851
155,오산메이커교육센터,866,경기도 오산시 청학로 53,경기도 오산시 청학동 12-1,37.153969879,127.0638120247
156,남촌동행정복지센터,1715,경기도 오산시 청학로 65,경기도 오산시 청학동 16-5,37.1549364408,127.0643695613
157,세교2 테니스장 관리동,174,경기도 오산시 청학로17번길 5-11,경기도 오산시 청학동 41-9,37.1507609556,127.061398046
158,불법옥외광고물관리사무소,75,경기도 오산시 가장산업동로 62,경기도 오산시 가장동 16-23,37.162561138,127.0425095579
159,근로자종합복지관,1197,경기도 오산시 가장산업동로 42,경기도 오산시 가장동 375-5,37.1624437298,127.0401225341
160,도로정비센터(제설전지기지) 제설창고,2477,경기도 오산시 가장산업서북로 40-44,경기도 오산시 가장동 387-1,37.1671212465,127.0352959095
161,공중화장실,2877,경기도 오산시 문헌공로 45,경기도 오산시 금암동 495-2,37.1766420254,127.0545683293
162,오산세교종합복지관,1843,경기도 오산시 수청로 204-26,경기도 오산시 금암동 508,37.17916992,127.0437612624
163,공중화장실,1100,경기도 오산시 수목원로 449,경기도 오산시 금암동 520,37.1723572372,127.0489838313
164,신장18통경로당,142,,경기도 오산시 수청동 산 32-8번지,37.1619207871,127.068979121
165,수청2동경로당,50,경기도 오산시 청학로173번길 6,경기도 오산시 수청동 370 화성국민주택 가동 104호,37.1647211265,127.0631082446
166,공중화장실,668,경기도 오산시 수청로 22,경기도 오산시 수청동 557,37.1720337432,127.0588307634
167,오산시보조기기수리센터,72,경기도 오산시 현충로 46,경기도 오산시 은계동 53,37.1626351597,127.0719729085
168,드라마세트장,240,경기도 오산시 북삼미로 40,경기도 오산시 내삼미동 268,37.1797176441,127.0623121699
169,드라마세트장,471,경기도 오산시 북삼미로 42,경기도 오산시 내삼미동 269-4,37.1801072377,127.0628506669
170,시립수청어린이집,284,경기도 오산시 경기대로636번길 13,경기도 오산시 내삼미동 496-2,37.1792651749,127.0569862515
171,자활작업장 화장실,75,,경기도 오산시 내삼미동 879,37.1742490627,127.0534446487
172,양산도서관,598,경기도 오산시 양산로410번길 30,경기도 오산시 양산동 670-2,37.1945282206,127.0317814949
173,세마 전천후게이트볼장,2185,경기도 오산시 양산로410번길 34,경기도 오산시 양산동 670-3,37.1942955079,127.0321998336
174,시립세마어린이집,53,,경기도 오산시 세교동 599-1,37.1867744608,127.0421748561
175,공중화장실,5277,경기도 오산시 세마역로 20,경기도 오산시 세교동 618,37.1815652629,127.0454817775
176,유아용화장실,70,,경기도 오산시 세교동 619,37.1805832346,127.0452796888
177,죽미체육공원 실내테니스장,18,경기도 오산시 세마역로 54,경기도 오산시 세교동 620,37.184124985,127.0454101086
178,보육타운,85,경기도 오산시 초평로 84-4,경기도 오산시 서동 125-8 203동 102호,37.1438800791,127.0438607081
179,초평배수지 관리실,1993,경기도 오산시 서녘말길 21,경기도 오산시 서동 492-1 오산시 하나울복지센터,37.1497158422,127.0309318209
180,초평동사무소(신축),110,경기도 오산시 송로 44,경기도 오산시 서동 산 12-13,37.150200804,127.049047883
181,오산시 버스공영차고지,187,경기도 오산시 두곡로 48,경기도 오산시 두곡동 123-1,37.1301678297,127.0457555758
182,임시버스공영차고지 가동,204,,경기도 오산시 탑동 187-1,37.1351423195,127.0484730495
183,자원재활용센타적환동,990,경기도 오산시 오산천로 3-35,경기도 오산시 누읍동 196-4,37.1331372968,127.0586964093
184,자원재활용센타 청소차량주차장,695,경기도 오산시 오산천로 3-35,경기도 오산시 누읍동 196-4,37.1331372968,127.0586964093
185,초평도서관,2087,경기도 오산시 오산천로 3-35,경기도 오산시 누읍동 197-4,37.1331372968,127.0586964093
186,고매동복지회관,732.71,경기도 용인시 기흥구 동탄기흥로 713-1,경기도 용인시 기흥구 고매동 692-1,37.2229501389,127.0982339701
187,구갈동사무소,3706.83,경기도 용인시 기흥구 강남로 23,경기도 용인시 기흥구 구갈동 578-0,37.2724067514,127.1275906845
188,구성도서관,2775.04,,경기도 용인시 기흥구 언남동 342-1,37.296294493,127.1193380237
189,기흥구보건소 및 신갈동주민센터,11496.86,경기도 용인시 기흥구 신갈로58번길 11,경기도 용인시 기흥구 신갈동 60-3,37.2725644668,127.1066780887
190,기흥구청 별관,1296.72,경기도 용인시 기흥구 관곡로 95,경기도 용인시 기흥구 구갈동 355,37.2804510231,127.114702591
191,기흥도서관,6606.71,경기도 용인시 기흥구 기흥로116번길 10,경기도 용인시 기흥구 신갈동 산 14,37.286189095,127.1135339223
192,나눔숲복지센터,188.5,경기도 용인시 처인구 모현읍 초부로 196-9,경기도 용인시 처인구 모현읍 초부리 273,37.3132782636,127.2656240633
193,남사면사무소,2679.61,경기도 용인시 처인구 남사읍 내기로 22,경기도 용인시 처인구 남사읍 봉무리 438-1,37.1156765351,127.1505002182
194,동백동주민센터 및 주민자치센터,5440.05,경기도 용인시 기흥구 동백중앙로 214,경기도 용인시 기흥구 중동 866-1,37.2725250584,127.1516488488
195,동천동사무소,2550.29,경기도 용인시 수지구 신수로783번길 40,경기도 용인시 수지구 동천동 176-4,37.3418473717,127.0992271448
196,오산문화스포츠센터,13094,경기도 오산시 오산천로 271,경기도 오산시 오산동 345,37.1562601917,127.0714232264
197,문화스포츠센터 제2주차장,4320,경기도 오산시 오산천로 265,경기도 오산시 오산동 345-2,37.1557414209,127.0700522026
198,오산역환승센터,598,경기도 오산시 경기대로333번길 32,경기도 오산시 오산동 354-1,37.1546769997,127.0698442567
199,성산시립경로당,654,경기도 오산시 성호대로28번길 15-3,경기도 오산시 오산동 609-10,37.1481231036,127.0647352069
200,하수종말처리장최종침전지,88,경기도 오산시 오산천로158번길 2-10,경기도 오산시 오산동 617-9,37.147921651,127.0638805452
201,하수종말처리장최초침전지,101,경기도 오산시 오산천로 72,경기도 오산시 오산동 750,37.1404782493,127.0645822452
202,하수종말처리장관리동,57,경기도 오산시 오산천로 72,경기도 오산시 오산동 750,37.1404782493,127.0645822452
203,하수종말처리장설비동,1057,경기도 오산시 오산천로 72,경기도 오산시 오산동 750,37.1404782493,127.0645822452
204,하수종말처리장약품투입동,600,경기도 오산시 오산천로 72,경기도 오산시 오산동 750,37.1404782493,127.0645822452
205,하수종말처리장분뇨 및 폐기물처리시설,933,경기도 오산시 오산천로 72,경기도 오산시 오산동 750,37.1404782493,127.0645822452
206,하수종말처리장 미세스크린실동,242,경기도 오산시 오산천로 72,경기도 오산시 오산동 750,37.1404782493,127.0645822452
207,하수종말처리장 계단실,54,경기도 오산시 오산천로 72,경기도 오산시 오산동 750,37.1404782493,127.0645822452
208,하수종말처리장 생물여과조동,2934,경기도 오산시 오산천로 72,경기도 오산시 오산동 750,37.1404782493,127.0645822452
209,산불방지 지원센터,7043,경기도 오산시 오산천로 72,경기도 오산시 오산동 750,37.1404782493,127.0645822452
210,맑음터자전거대여소,190,경기도 오산시 오산천로 52,경기도 오산시 오산동 750-1,37.1381716074,127.0645015893
211,오산하수처리장 체육시설동,37,경기도 오산시 오산천로 52,경기도 오산시 오산동 750-1,37.1381716074,127.0645015893
212,에코리움 전망타워,1022,경기도 오산시 오산천로 52,경기도 오산시 오산동 750-1,37.1381716074,127.0645015893
213,오색경로당 오산시청소년상담복지센터,1210,경기도 오산시 오산천로 48,경기도 오산시 오산동 816-81,37.1367806145,127.0640007974
214,중앙동행정복지센터,281,경기도 오산시 경기대로 307,경기도 오산시 오산동 850-1 비동,37.1523273572,127.0731796787
215,재래시장고객지원센터,32,경기도 오산시 오산로272번길 22,경기도 오산시 오산동 862,37.150930792,127.0708564619
216,오산문화예술회관,100,,경기도 오산시 오산동 25,37.159393162,127.0778589217
217,모현다목적복지회관,3333.66,경기도 용인시 처인구 모현읍 문현로 195,경기도 용인시 처인구 모현읍 일산리 554-13,37.3424824951,127.2313139926
218,모현면사무소,2656.72,경기도 용인시 처인구 모현읍 독점로 31-6,경기도 용인시 처인구 모현읍 갈담리 309,37.3294550112,127.2423886045
219,문화복지행정타운(별관),810.16,경기도 용인시 처인구 중부대로 1199,경기도 용인시 처인구 삼가동 556,37.2401717248,127.1763197994
220,보정동주민센터,3825.09,경기도 용인시 기흥구 죽전로 40,경기도 용인시 기흥구 보정동 1264,37.3201971698,127.113100268
221,상하동주민센터,3472.09,경기도 용인시 기흥구 어정로 62-23,경기도 용인시 기흥구 상하동 435-12,37.2705201993,127.1383714202
222,상현도서관,6813.49,,경기도 용인시 수지구 상현동 1129-2,37.2996472812,127.0742442077
223,서농도서관,2887.1,경기도 용인시 기흥구 서천서로 83,경기도 용인시 기흥구 서천동 748 서농도서관,37.2373509174,127.0690028969
224,서농동행정복지센터,3685.18,경기도 용인시 기흥구 서천서로 79,경기도 용인시 기흥구 서천동 748-2,37.2379796669,127.0683905145
225,성복동 주민센터,3356.01,경기도 용인시 수지구 성복1로 100,경기도 용인시 수지구 성복동 777,37.3164842879,127.0690029183
226,신봉동주민센터 신축공사,3548.47,경기도 용인시 수지구 수지로 215,경기도 용인시 수지구 신봉동 898,37.3206650519,127.0836401668
227,양지12리 복지회관,141.9,경기도 용인시 처인구 양지면 교동로32번길 21-23,경기도 용인시 처인구 양지면 양지리 338-8,37.2389552188,127.2831266528
228,양지해밀도서관,705.7,경기도 용인시 처인구 양지면 교동로18번길 8,경기도 용인시 처인구 양지면 양지리 364-1,37.2375804089,127.2855094328
229,용인동백공공도서관,5559.57,경기도 용인시 기흥구 동백3로 80,경기도 용인시 기흥구 중동 921,37.2741571836,127.1580368327
230,용인시다목적복지회관,1498.44,경기도 용인시 기흥구 구갈로28번길 24,경기도 용인시 기흥구 구갈동 384,37.2772489929,127.1140646724
231,용인시장애인복지관,3786.11,경기도 용인시 처인구 경안천로 318,경기도 용인시 처인구 고림동 954-1,37.2594542897,127.2193281315
232,운학복지회관,411.96,경기도 용인시 처인구 동부로465번길 6,경기도 용인시 처인구 운학동 218-24,37.2024545097,127.2455141249
233,유림동사무소,2021.66,경기도 용인시 처인구 백옥대로 1315,경기도 용인시 처인구 유방동 475-20,37.2528565755,127.2120455075
234,이동면사무소(a동),2235.18,경기도 용인시 처인구 이동읍 경기동로 673,경기도 용인시 처인구 이동읍 송전리 750-3,37.1411233252,127.1961991903
235,죽전2동행정복지센터(주3),3356.31,경기도 용인시 수지구 포은대로 499,경기도 용인시 수지구 죽전동 1003-43,37.325870193,127.1059037739
236,처인구청A동,3470.66,경기도 용인시 처인구 금령로 50,경기도 용인시 처인구 김량장동 286,37.2343602006,127.2012931829
237,처인구청C동,739.53,경기도 용인시 처인구 금령로 50,경기도 용인시 처인구 김량장동 286,37.2343602006,127.2012931829
238,처인구청E동,109,경기도 용인시 처인구 금령로 50,경기도 용인시 처인구 김량장동 286,37.2343602006,127.2012931829
239,처인구청F동,40,경기도 용인시 처인구 금령로 50,경기도 용인시 처인구 김량장동 286,37.2343602006,127.2012931829
240,풍덕천2동주민센터,2229.27,경기도 용인시 수지구 풍덕천로 51,경기도 용인시 수지구 풍덕천동 1051-2,37.3194571844,127.0887933786
241,흥덕도서관,4494.48,경기도 용인시 기흥구 흥덕중앙로 153,경기도 용인시 기흥구 영덕동 1235,37.2749835507,127.0839257264
242,경기도유청소년 승마교육센터,"연면적 1,499.20㎡",경기도 용인시 처인구 남사읍 천덕산로11번길 113,경기도 용인시 처인구 남사읍 봉명리 638-1,37.1260862687,127.1178280372
243,경기도소방학교 후생관 증축,"연면적 7,033.28㎡",,경기도 용인시 처인구 남사읍 봉명리 646-2번지 일원,37.1238179983,127.1160608055
244,물향기수목원 난대양치식물원 개축,연면적 739.12㎡,경기도 오산시 청학로 211,경기도 오산시 수청동 332-4(물향기수목원 부지 內),37.1662479454,127.0543477507
245,수원 이의 119안전센터 신축,"연면적 1,399㎡",,경기도 수원시 영통구 이의동 175,37.2888386599,127.0566875898
246,용인 성복 119안전센터 신축,연면적 956㎡,,경기도 용인시 수지구 성복동 547-1,37.3231110023,127.0579842582
247,경기도 먹거리광장 증축,연면적 611㎡,경기도 수원시 권선구 서둔로 166,경기도 수원시 권선구 서둔동 103-25,37.266779513,126.985014166
248,화성 남양 119 안전센터,연면적 985㎡,경기도 화성시 남양읍 주석로 29,경기도 화성시 남양읍 북양리 693-1,37.217844579,126.8351715266
249,경기도 재난안전종합체험관,"연면적 7,094.32㎡",,경기도 오산시 내삼미동 242-3번지 외 19필지,,
250,화성팔탄119안전센터 신축,연면적 999.7㎡,,"경기도 화성시 팔탄면 구장리 557, 558-1",37.160959431,126.9050925747
251,’22년 지방어항 유지준설,어항구역 준설 19.6천㎥,,경기도 화성시 제부항 일원,,
252,화성 송산 119 안전센터,연면적 992㎡,경기도 화성시 수노을2로 21,경기도 화성시 새솔동 81,37.2845716882,126.8157232106
253,수원 호매실119안전센터,연면적 995.99㎡,경기도 수원시 권선구 금곡로 194,경기도 수원시 권선구 금곡동 1119번지,37.2732653284,126.9519553622
254,중소기업센터,"연면적 46,697㎡",,경기도 수원시 영통구 이의동 산 111-8,,
255,종 축 장,"연면적 9,708㎡",,경기도 용인시 처인구 남사읍 봉명리 산 143,37.128168104,127.1159483794
256,실내배드민턴 전용경기장,"연면적 4,597㎡",경기도 수원시 장안구 정조로 1087,경기도 수원시 장안구 송죽동 239-2,37.3017923784,127.0025472073
257,국악의 전당,"연면적 5,426㎡",,경기도 용인시 기흥구 보라동 산 21-1,37.2595152416,127.1126049174
258,수지체육공원,"조성면적 66,815㎡",,경기도 용인시 수지구 풍덕천동 산13-2,,
259,경기도 교통정보센터,연면적 428㎡,경기도 수원시 권선구 칠보로1번길 38,경기도 수원시 권선구 금곡동 746-5,37.2680833722,126.9368119864
260,경기도 노인회관,"연면적 3,146㎡",경기도 수원시 팔달구 인계로101번길 1,경기도 수원시 팔달구 인계동 951-6,37.2683406946,127.0287194782
261,농업기계교육관,"연면적 1,995㎡",경기도 화성시 기산로 31-6,경기도 화성시 기산동 289,37.221872417,127.0445299047
262,생물안전실험실(BL3),연면적 424㎡,경기도 수원시 권선구 칠보로1번길 62,경기도 수원시 권선구 금곡동 746-1,37.2687335189,126.9351604615
263,인터넷중독 대응센터,연면적 962㎡,,경기도 용인시 기흥구 마북동 431,37.2922212162,127.1085952988
264,문화의전당 노후설비시설개선,리모델링공사,,경기도 수원시 팔달구 인계동 1117번지,37.2641548515,127.03931306
265,업사이클플라자 리모델링 및 증축,"연면적 2,660㎡",경기도 수원시 권선구 서둔로 166,경기도 수원시 권선구 서둔동 103-25번지,37.266779513,126.985014166
266,용인 보라119안전센터,연면적 954㎡,경기도 용인시 기흥구 한보라1로 128,경기도 용인시 기흥구 공세동 670-2번지,37.245024241,127.1059192466
267,동물위생시험소 생물안전연구시설 증축,"연면적 1,100㎡",경기도 수원시 권선구 칠보로1번길 63,경기도 수원시 권선구 금곡동 746-15,37.2676310086,126.9345709374
268,물향기수목원산림전시관 시설보완,"연면적 1,635㎡",경기도 오산시 청학로 211,경기도 오산시 수청동 332-4번지,37.1662479454,127.0543477507
269,소방학교 소방종합훈련장,"연면적 4,580.17㎡",경기도 용인시 처인구 남사읍 천덕산로11번길 42,경기도 용인시 처인구 남사읍 봉명리 646-2번지,37.1243157375,127.1166661836
270,경기도 장애인복지관,"연면적 7,298㎡",경기도 수원시 권선구 서수원로 130,경기도 수원시 권선구 오목천동 677,37.2393956779,126.9728438967
271,문화예술회관 지하주차장,주차대수 412대,,경기도 수원시 팔달구 인계동 1117,37.2641548515,127.03931306
272,건설본부 청사,"연면적 2,642㎡",경기도 수원시 권선구 칠보로1번길 20,경기도 수원시 권선구 금곡동 781-2,37.2680410927,126.9373987856
273,경기도 바이오 센터,"연면적 32,009㎡",경기도 수원시 영통구 광교로 145,경기도 수원시 영통구 이의동 864-1 15필지,37.2942399891,127.0477946265
274,차세대융합기술연구원,"연면적 58,550㎡",경기도 수원시 영통구 광교로 145,경기도 수원시 영통구 이의동 864-1,37.2942399891,127.0477946265
275,백남준 미술관,"연면적 5,605㎡",,경기도 용인시 기흥구 상갈동 10-4번지,,
276,건설본부 청사 증축,증축면적 112㎡,경기도 수원시 권선구 칠보로1번길 20,경기도 수원시 권선구 금곡동 781-2,37.2680410927,126.9373987856
277,경기도 사격장 증축?보수,"증축256㎡, 개보수",경기도 화성시 양감면 사격장길 142,경기도 화성시 양감면 사창리 810-2,37.0939160178,126.9565242306
278,유용미생물 연구생산시설,연면적 887㎡,,경기도 수원시 권선구 금곡동 746-6,37.2682618394,126.9345545187
279,소방학교 소방훈련시설,"연면적 1,288㎡",,경기도 용인시 처인구 남사읍 봉명리 646-2,37.1238179983,127.1160608055
280,경기도청 어린이집,연면적 515㎡,,경기도 수원시 팔달구 화서동 43-7,37.2815423785,127.0078695909
281,소방학교 종합훈련장,"연면적 1,538㎡",,경기도 용인시 처인구 남사읍 봉명리 646-2,37.1238179983,127.1160608055
282,지역곤충자원산업화 지원센터,"연면적 1,918㎡",경기도 화성시 기산로 31-6,경기도 화성시 기산동 289번지,37.2225949946,127.0449088016
283,따복기숙사 건립,"연면적 5,909㎡",경기도 수원시 권선구 서호로 16,경기도 수원시 권선구 서둔동 92-6번지,37.263650363,126.9826445564
284,동탄2지구 119안전센터,연면적 976㎡,,경기도 화성시 동탄동 2지구 공공11블럭,,
285,화성 봉담 119안전센터,연면적 893㎡,경기도 화성시 봉담읍 동화새터길 135,경기도 화성시 봉담읍 동화리 621번지,37.2150313539,126.9629149546
286,수원병원 증축 및 리모델링,연면적 980㎡,경기도 수원시 장안구 수성로245번길 69,경기도 수원시 장안구 정자동 886-9번지,37.2918869067,126.9963395675
287,오산소방서 청사,"연면적 4,993㎡",경기도 오산시 문헌공로 30,경기도 오산시 내삼미동 880번지,37.1753050032,127.0537876428
288,소방학교도시탐색훈련시설,연면적 872㎡,,경기도 용인시 처인구 남사읍 봉명리 산90-3,,
289,에코팜랜드조성사업(젖소송아지 육성),"연면적 7,377㎡",,경기도 화성시 마도면 화옹간척지 제4공구,,
290,행궁동 공유경제공장 마을식당 체험장(가동),35.04,경기도 수원시 팔달구 정조로860번길 19-5,경기도 수원시 팔달구 북수동 250-1,37.2853024311,127.0169264373
291,행궁동 공유경제공장 마을양조장(다동),55.37,경기도 수원시 팔달구 정조로860번길 19-5,경기도 수원시 팔달구 북수동 250-1,37.2853024311,127.0169264373
292,행궁동 도시재생거점센터,830.6,경기도 수원시 팔달구 수원천로 351,경기도 수원시 팔달구 북수동 274-35,37.2848084277,127.0173582763
293,팔달구 노인회지회 회관,1283,경기도 수원시 팔달구 수원천로 347,경기도 수원시 팔달구 북수동 275,37.2844752896,127.0174506522
294,북수동경로당,115.14,경기도 수원시 팔달구 화서문로75번길 5,경기도 수원시 팔달구 북수동 67,37.28627342,127.0163110398
295,선경도서관,8312.22,경기도 수원시 팔달구 신풍로23번길 68,경기도 수원시 팔달구 신풍동 123-69,37.2838875367,127.0104150944
296,행궁동 주민 커뮤니티센터,184.59,경기도 수원시 팔달구 신풍로23번길 18,경기도 수원시 팔달구 신풍동 126-1,37.28345108,127.0138698712
297,행궁광장 공중화장실,259.68,경기도 수원시 팔달구 신풍로 14,경기도 수원시 팔달구 신풍동 262-5 일원,37.2825451414,127.0149586501
298,시립파장어린이집,836.63,경기도 수원시 장안구 파장천로30번길 40,경기도 수원시 장안구 파장동 593-5,37.3071599206,126.9971630356
299,파송경로당,98,경기도 수원시 장안구 파장로22번길 30,경기도 수원시 장안구 파장동 603-7,37.3055813727,126.9990241524
300,일림경로당,70,경기도 수원시 장안구 수일로104번길 20,경기도 수원시 장안구 파장동 629,37.3086381259,127.0014074998
301,항아리화장실,39.18,,경기도 수원시 장안구 파장동 산 109-1,37.316379731,127.0032410977
302,광교임시수련원 관사,396.72,경기도 수원시 장안구 광교산로 359,경기도 수원시 장안구 하광교동 103-2,37.315057821,127.0192753517
303,반딧불이화장실,159.64,경기도 수원시 장안구 광교산로 172,경기도 수원시 장안구 하광교동 402-1,37.3024542104,127.0322190343
304,광교수련원 내무반,85.68,,경기도 수원시 장안구 하광교동 71-2,37.3148976019,127.0185061735
305,광교임시수련원 독신숙소,86.64,,경기도 수원시 장안구 하광교동 71-2,37.3148976019,127.0185061735
306,광교수련원 창고,7,경기도 수원시 장안구 광교산로 349,경기도 수원시 장안구 하광교동 86-3,37.3143290459,127.0196072719
307,광교수련원 통합막사,624.24,경기도 수원시 장안구 광교산로 349,경기도 수원시 장안구 하광교동 86-3,37.3143290459,127.0196072719
308,고등동어린이집,282.36,경기도 수원시 팔달구 고등로 56,경기도 수원시 팔달구 고등동 110-4,37.2730053337,127.0033457629
309,쌍우물 택시쉼터,117.85,,경기도 수원시 팔달구 고등동 271,37.2727957557,126.9964103794
310,환경미화원의집,70.4,,경기도 수원시 팔달구 고등동 271,37.2727957557,126.9964103794
311,서장대매점,235.34,경기도 수원시 팔달구 팔달산로 108,경기도 수원시 팔달구 고등동 42-139,37.2775686729,127.0103883426
312,고등촌경로당,72.5,경기도 수원시 팔달구 고등로72번길 20-8,경기도 수원시 팔달구 고등동 59-19,37.272469759,127.0046012766
313,팔달구보건소,5739.65,경기도 수원시 팔달구 팔달산로 6,경기도 수원시 팔달구 교동 56-1,37.27150183,127.0124578693
314,교동경로당,132.02,경기도 수원시 팔달구 향교로 136-3,경기도 수원시 팔달구 교동 96-2,37.2729185285,127.0150204164
315,행궁동 보듬이나눔이어린이집,310,경기도 수원시 팔달구 창룡대로 76,경기도 수원시 팔달구 남수동 11-688,37.2853632353,127.0230291613
316,남수택시쉼터,277.89,,경기도 수원시 팔달구 남수동 11-814,37.2832622104,127.0215329573
317,남수연화 경로당,189.45,경기도 수원시 팔달구 창룡대로30번길 9,경기도 수원시 팔달구 남수동 28,37.2814844655,127.0201094059
318,전망좋은화장실,56.68,,경기도 수원시 팔달구 남수동 55-22,,
319,수원호스텔,1872.85,경기도 수원시 팔달구 행궁로 11,경기도 수원시 팔달구 남창동 14,37.2807973662,127.0151841956
320,수원문화재단 청사,2764.58,경기도 수원시 팔달구 행궁로 11,경기도 수원시 팔달구 남창동 14,37.2807973662,127.0151841956
321,화성행궁화장실,117.5,,경기도 수원시 팔달구 남창동 36-2,37.2813168963,127.0144511492
322,화서문초가집매점,23.76,,경기도 수원시 팔달구 남창동 55-22,37.2798278688,127.011772471
323,남창동 한옥,79.34,경기도 수원시 팔달구 행궁로 18,경기도 수원시 팔달구 남창동 67,37.280867118,127.0146084429
324,시립금호어린이집,1328,경기도 수원시 권선구 서수원로577번길 202,경기도 수원시 권선구 금곡동 1068,37.2770584722,126.9457803199
325,칠보청소년문화의집,1681.83,,경기도 수원시 권선구 금곡동 1074,37.2764818668,126.9458409463
326,금곡동 행정복지센터,2996.47,경기도 수원시 권선구 금곡로196번길 20,경기도 수원시 권선구 금곡동 1119-4,37.2727256086,126.9521961388
327,아가위공중화장실,52.4,경기도 수원시 권선구 당진로32번길 65,경기도 수원시 권선구 당수동 177-13,37.2914727821,126.9440951151
328,오룡골경로당,260.56,경기도 수원시 권선구 당수로119번길 66-26,경기도 수원시 권선구 당수동 466-1,37.284168787,126.9377863889
329,서호(여)경로당,127.34,경기도 수원시 권선구 서호로115번길 5,경기도 수원시 권선구 서둔동 103-8,37.2696968527,126.986359034
330,중소유통공동도매물류센터,2321.37,경기도 수원시 권선구 세화로 232,경기도 수원시 권선구 서둔동 1-70,37.2729074566,126.9951237953
331,서호(남)경로당,54.54,경기도 수원시 권선구 서호로 138,경기도 수원시 권선구 서둔동 206-1,37.2717145894,126.9860407907
332,서둔동 행정복지센터,834,경기도 수원시 권선구 서호로 146,경기도 수원시 권선구 서둔동 207-13,37.2725980742,126.9860686227
333,농업홍보관,1150,,경기도 수원시 권선구 서둔동 251-6,37.2743509833,126.9838160133
334,여기산게이트볼장,3371,경기도 수원시 권선구 여기산로26번길 30,경기도 수원시 권선구 서둔동 256,37.2808101871,126.979977736
335,서둔동배수펌프장,513.92,경기도 수원시 권선구 권선로357번길 13,경기도 수원시 권선구 서둔동 26-38,37.2614933522,126.9903393516
336,서둔동벌터체육문화센터,1406.43,경기도 수원시 권선구 서호동로14번길 76-23,경기도 수원시 권선구 서둔동 27-61,37.264117447,126.9905810621
337,벌터경로당,184.9,경기도 수원시 권선구 세화로141번길 30-8,경기도 수원시 권선구 서둔동 34-13,37.2647391423,126.9926182068
338,수원유스호스텔,5208,경기도 수원시 권선구 서호로 32,경기도 수원시 권선구 서둔동 88-14,37.259246786,126.9856857039
339,세권경로당,188.68,경기도 수원시 권선구 세지로42번길 31-10,경기도 수원시 권선구 세류동 1084-18,37.2558329722,127.018422783
340,청소년달보듬터(남자단기청소년쉼터),498.42,경기도 수원시 권선구 경수대로 261,경기도 수원시 권선구 세류동 1121-4,37.2507047131,127.0185907358
341,행궁사랑채,59.26,경기도 수원시 팔달구 행궁로 26,경기도 수원시 팔달구 남창동 72-2,37.2803446947,127.0147020412
342,남창동 열린문화공간,293.72,,경기도 수원시 팔달구 남창동 99-1,37.2796955711,127.0146723679
343,남창동 열린문화공간 후소,40.24,,경기도 수원시 팔달구 남창동 99-1,37.2796955711,127.0146723679
344,매교경로당,493.07,경기도 수원시 팔달구 매산로126번길 46-14,경기도 수원시 팔달구 매교동 77-26,37.2698965376,127.0144532993
345,기억공간 '잇-다',84.23,경기도 수원시 팔달구 덕영대로895번길 9-14,경기도 수원시 팔달구 매산로1가 114-19,37.2694760908,127.0000642593
346,노숙인실내급식시설,96.29,,경기도 수원시 팔달구 매산로1가 18,37.2673114745,126.9997627732
347,매산동 행정복지센터,1420.85,,경기도 수원시 팔달구 매산로2가 40-30,37.2686219481,127.0056441303
348,매산3가경로당,279.56,경기도 수원시 팔달구 갓매산로1번길 17,경기도 수원시 팔달구 매산로3가 111-104,37.2655584046,127.0073194899
349,수원시민회관,3147.82,,경기도 수원시 팔달구 매산로3가 2-1,,
350,매산동 환경관리원 쉼터,134.57,경기도 수원시 팔달구 효원로60번길 15,경기도 수원시 팔달구 매산로3가 81-6,37.2677721022,127.0085908208
351,수원시민회관 생활문화센터,3900,경기도 수원시 팔달구 팔달산로 28,경기도 수원시 팔달구 매산로3가 산 2-1,37.2735973684,127.0113164151
352,행궁동 환경미화원 쉼터,102.48,,경기도 수원시 팔달구 매향동 100-1101-1,,
353,매향동 마을사랑방(도담어린이작은도서관),77.92,경기도 수원시 팔달구 창룡대로103번길 69,경기도 수원시 팔달구 매향동 121-107,37.2857372588,127.021898678
354,궁도장(연무정),433.24,,경기도 수원시 팔달구 매향동 3-32,37.2878463565,127.024096516
355,연무정화장실,82.6,,경기도 수원시 팔달구 매향동 3-32,37.2878463565,127.024096516
356,수원시 팔달구청,12833.91,,경기도 수원시 팔달구 매향동 49,37.2825617121,127.0190196138
357,수원화성박물관,5635,,경기도 수원시 팔달구 매향동 49-0,37.2825617121,127.0190196138
358,행궁동 공유경제공장 문화예술전시관,26.28,경기도 수원시 팔달구 화서문로 82-12,경기도 수원시 팔달구 북수동 234-1,37.2855634593,127.0168345191
359,행궁동 공유경제공장 마을식당(나동),54.61,경기도 수원시 팔달구 정조로860번길 19-5,경기도 수원시 팔달구 북수동 250-1,37.2853024311,127.0169264373
360,북수동 예술놀이터(예정),70,경기도 수원시 팔달구 화서문로72번길 17-10,경기도 수원시 팔달구 북수동 252-2,37.2854372218,127.016824045
361,팔달구노인복지관,4887.79,경기도 수원시 팔달구 수원천로 343,경기도 수원시 팔달구 북수동 274-7,37.2839431148,127.0173638025
362,화홍사랑채,131.81,경기도 수원시 팔달구 수원천로 377,경기도 수원시 팔달구 북수동 33-4,37.2870342529,127.0172086833
363,행궁동 행정복지센터,1405.59,경기도 수원시 팔달구 신풍로23번길 40,경기도 수원시 팔달구 신풍동 100,37.2840499862,127.012647674
364,신안동경로당,161.43,경기도 수원시 팔달구 신풍로 38-8,경기도 수원시 팔달구 신풍동 193-1,37.2842487258,127.0149477165
365,수원시립미술관,9661.94,경기도 수원시 팔달구 정조로 833,경기도 수원시 팔달구 신풍동 238-1,37.2827916513,127.0157241613
366,보듬이나눔이 행궁 아이 꿈 누리,584.3,경기도 수원시 팔달구 신풍로23번길 32,경기도 수원시 팔달구 신풍동 92-2,37.2838361182,127.0132469429
367,행궁동 제3청사,222.56,경기도 수원시 팔달구 화서문로46번길 29,경기도 수원시 팔달구 신풍동 93-1,37.2839982251,127.0132120559
368,신풍동경로당,46.9,,경기도 수원시 팔달구 신풍동 산 4,37.2831809684,127.0095736086
369,우만2동 행정복지센터,1795.91,경기도 수원시 팔달구 중부대로207번길 33,경기도 수원시 팔달구 우만동 108-3,37.2780020383,127.039770126
370,장고개경로당,65.67,경기도 수원시 팔달구 권광로348번길 21-13,경기도 수원시 팔달구 우만동 114,37.2781719389,127.0394194083
371,수원시체육회선수촌,6036.99,경기도 수원시 팔달구 창룡대로210번길 39,경기도 수원시 팔달구 우만동 246,37.2911419278,127.0345454885
372,우만경로당,260.39,경기도 수원시 팔달구 월드컵로365번길 20,경기도 수원시 팔달구 우만동 479-4,37.2893475488,127.0298294807
373,충효경로당,81.72,경기도 수원시 팔달구 세지로399번길 46,경기도 수원시 팔달구 우만동 487,37.2871673924,127.0278687935
374,지만119안전센터,402.4,경기도 수원시 팔달구 경수대로 660,경기도 수원시 팔달구 우만동 508-8,37.2843132004,127.0286762963
375,수원시장기요양지원센터,1570,경기도 수원시 팔달구 경수대로 612,경기도 수원시 팔달구 우만동 557-1,37.2803550182,127.0306750541
376,수원시평생학습관 외국어마을,7019.22,,경기도 수원시 팔달구 우만동 582,37.291341357,127.028000661
377,창룡도서관,4337,,경기도 수원시 팔달구 우만동 582,37.291341357,127.028000661
378,봉화경로당,139.71,경기도 수원시 팔달구 경수대로718번길 39,경기도 수원시 팔달구 우만동 596-3,37.2909298839,127.026536571
379,우만2동어린이집,813.58,경기도 수원시 팔달구 중부대로239번길 25,경기도 수원시 팔달구 우만동 94-17,37.2768390043,127.0420331881
380,수원시청사,14081.62,경기도 수원시 팔달구 효원로 241,경기도 수원시 팔달구 인계동 1111,37.2634461555,127.0287274236
381,돌하루방화장실,34.6,,경기도 수원시 팔달구 인계동 1117,37.2646691609,127.0394452641
382,중국전통정원,434.21,,경기도 수원시 팔달구 인계동 1117,37.2646691609,127.0394452641
383,염원화장실,146.97,,경기도 수원시 팔달구 인계동 1128,37.2591135204,127.0363552907
384,클래식(동)화장실,53.75,,경기도 수원시 팔달구 인계동 1128,37.2591135204,127.0363552907
385,클래식(서)화장실,53.75,,경기도 수원시 팔달구 인계동 1128,37.2591135204,127.0363552907
386,샛골경로당,117,경기도 수원시 팔달구 경수대로565번길 59-24,경기도 수원시 팔달구 인계동 246-13,37.2751401082,127.0271881807
387,인계동본동경로당,297.27,경기도 수원시 팔달구 장다리로233번길 28-27,경기도 수원시 팔달구 인계동 822-28,37.2717854537,127.0245698396
388,인도래 작은도서관,223.16,경기도 수원시 팔달구 장다리로 258,경기도 수원시 팔달구 인계동 961-16,37.2724908446,127.027396496
389,인계동분회경로당,82.04,경기도 수원시 팔달구 장다리로219번길 16,경기도 수원시 팔달구 인계동 973,37.2696685911,127.0249215148
390,장안사랑채 B동,135.36,경기도 수원시 팔달구 정조로 893,경기도 수원시 팔달구 장안동 11-3,37.2875454624,127.0143737622
391,전통식생활체험관,3154.68,경기도 수원시 팔달구 정조로 893,경기도 수원시 팔달구 장안동 11-3외 15,37.2875454624,127.0143737622
392,아낌없이주는나무 화장실,51.06,경기도 수원시 팔달구 세지로399번길 46,경기도 수원시 팔달구 우만동 487,37.2871673924,127.0278687935
393,수곡경로당,109.78,경기도 수원시 팔달구 세지로 436,경기도 수원시 팔달구 우만동 500,37.287075982,127.0320886194
394,우만1동 행정복지센터,2976.6,경기도 수원시 팔달구 세지로 406,경기도 수원시 팔달구 우만동 506,37.285352737,127.0294143703
395,산수경로당,180.35,경기도 수원시 팔달구 팔달문로150번길 7-1,경기도 수원시 팔달구 우만동 552-7,37.2826263801,127.0329171031
396,중부경로당,68.46,경기도 수원시 팔달구 경수대로616번길 32,경기도 수원시 팔달구 우만동 560,37.2809198509,127.0321831354
397,우만1동 환경관리원 쉼터,81.34,경기도 수원시 팔달구 월드컵로381번길 31,경기도 수원시 팔달구 우만동 585-5,37.2902959951,127.0280636009
398,우만156호어린이공원(솔밭화장실),116.54,경기도 수원시 팔달구 아주로 35,경기도 수원시 팔달구 우만동 72-1,37.2779080695,127.0434367196
399,수원시청 제2청사,25782.64,경기도 수원시 팔달구 효원로 241,경기도 수원시 팔달구 인계동 1111,37.2634461555,127.0287274236
400,까치화장실,102.72,,경기도 수원시 팔달구 인계동 1117,37.2646691609,127.0394452641
401,자유회관,1314,,경기도 수원시 팔달구 인계동 1117,37.2646691609,127.0394452641
402,수원시민방위교육장,1014.28,,경기도 수원시 팔달구 인계동 1128,37.2591135204,127.0363552907
403,제1야외음악당,2316.85,,경기도 수원시 팔달구 인계동 1128,37.2591135204,127.0363552907
404,현충탑(위패실 관리실),138.57,,경기도 수원시 팔달구 인계동 1128,37.2591135204,127.0363552907
405,수원청소년문화센터 청소년희망등대센터,1700.19,경기도 수원시 팔달구 권광로 293,경기도 수원시 팔달구 인계동 333-0,37.2736295476,127.0349691504
406,수원화성문화제 공동사무실,129.6,,경기도 수원시 팔달구 장안동 23-123-3,,
407,문학인의 집,501.41,경기도 수원시 팔달구 화서문로 35,경기도 수원시 팔달구 장안동 314,37.2852272903,127.0117939958
408,화서사랑채,270.76,경기도 수원시 팔달구 화서문로 19,경기도 수원시 팔달구 장안동 322-25,37.2852301997,127.0103161469
409,화서사랑채 A동,82.8,경기도 수원시 팔달구 화서문로 19,경기도 수원시 팔달구 장안동 322-25,37.2852301997,127.0103161469
410,수원시예절교육관,626.76,경기도 수원시 팔달구 정조로 887,경기도 수원시 팔달구 장안동 33-1,37.2870682008,127.0144896436
411,한옥기술전시관,946.16,경기도 수원시 팔달구 정조로885번길 1,경기도 수원시 팔달구 장안동 46-3,37.2866642046,127.0148870869
412,지동경로당,259.14,경기도 수원시 팔달구 세지로306번길 29-5,경기도 수원시 팔달구 지동 110-15,37.2782438781,127.025679793
413,지동 행정복지센터(행정동),2560.81,경기도 수원시 팔달구 세지로 339,경기도 수원시 팔달구 지동 143-1,37.2815298942,127.0246664792
414,창룡문외성화장실,94.08,,경기도 수원시 팔달구 지동 261,,
415,창룡문안내소,53,경기도 수원시 팔달구 경수대로 697,경기도 수원시 팔달구 지동 261-1,37.2873662737,127.0257579157
416,지동어린이집,599.15,경기도 수원시 팔달구 창룡문로 56,경기도 수원시 팔달구 지동 297-3,37.2820004493,127.0228811741
417,지동 행정복지센터(환경관리원 쉼터 및 창고),82.52,경기도 수원시 팔달구 팔달문로115번길 5,경기도 수원시 팔달구 지동 479,37.2820318377,127.0284649099
418,팔달문화장실,24.72,,경기도 수원시 팔달구 팔달로3가 103,37.2772351711,127.01517215
419,팔창경로당,122.18,경기도 수원시 팔달구 행궁로 63,경기도 수원시 팔달구 팔달로3가 94-5,37.276987072,127.0158177493
420,해피마음터,812.34,경기도 수원시 팔달구 동말로47번길 17,경기도 수원시 팔달구 화서동 134-3,37.2793884073,126.9993557309
421,동말경로당,102.11,경기도 수원시 팔달구 동말로 24-6,경기도 수원시 팔달구 화서동 184-143,37.2774942712,126.9969430791
422,화서1동 행정복지센터,1662.67,경기도 수원시 팔달구 동말로4번길 10,경기도 수원시 팔달구 화서동 184-357,37.2764585981,126.99504368
423,공원관리소(숙지공원),12,,경기도 수원시 팔달구 화서동 259-13,37.2853719658,126.9976947335
424,수원시니어클럽,898.68,경기도 수원시 팔달구 수성로182번길 85,경기도 수원시 팔달구 화서동 277-2,37.2833511524,126.99432078
425,팔달구 건설과 자재창고,175,,경기도 수원시 팔달구 화서동 355,37.2868764881,126.9943905189
426,서호꽃뫼공원 화장실,59.73,,경기도 수원시 팔달구 화서동 4102-22,,
427,시립 서호어린이집,836.76,경기도 수원시 팔달구 수성로 120,경기도 수원시 팔달구 화서동 410-6,37.2843167111,126.9862604877
428,수원시 방범기동순찰대 연합본부 초소(사용허가),181.88,경기도 수원시 팔달구 고화로 147-1,경기도 수원시 팔달구 화서동 57-1,37.2825548168,127.0063965016
429,꽃뫼경로당,78.42,경기도 수원시 팔달구 수성로157번길 27-18,경기도 수원시 팔달구 화서동 678-1,37.2875198705,126.9890244337
430,화서2동 행정복지센터,1681.78,경기도 수원시 팔달구 화산로6번길 6,경기도 수원시 팔달구 화서동 689-1,37.2850923518,126.9862995371
431,정자화장실,39.48,,경기도 수원시 팔달구 화서동 714,37.2868477747,126.981196636
432,인계동 본동 경로당,127.35,경기도 수원시 팔달구 장다리로233번길 28-27,경기도 수원시 팔달구 인계동 822-28,37.2717854537,127.0245698396
433,인계16호어린이공원(반달화장실),58.76,경기도 수원시 팔달구 장다리로219번길 16,경기도 수원시 팔달구 인계동 973,37.2696685911,127.0249215148
434,장다리경로당,150.42,경기도 수원시 팔달구 세지로198번길 26-14,경기도 수원시 팔달구 인계동 984-10,37.2679066588,127.0238723992
435,장안경로당,199.68,경기도 수원시 팔달구 화서문로31번길 13,경기도 수원시 팔달구 장안동 110-7,37.2855210156,127.0108896031
436,장안사랑채 C동,27,경기도 수원시 팔달구 정조로 893,경기도 수원시 팔달구 장안동 11-3,37.2875454624,127.0143737622
437,장안문화장실,33.67,경기도 수원시 팔달구 정조로905번길 8,경기도 수원시 팔달구 장안동 1-5,37.2882638229,127.0137035311
438,수원시 녹색교통회관,4908.25,경기도 수원시 팔달구 일월로22번길 23,경기도 수원시 팔달구 화서동 717,37.2862867054,126.9811358682
439,산아래화장실,53,경기도 수원시 팔달구 팔달산로 131,경기도 수원시 팔달구 화서동 산 1-12,37.2801913128,127.008115276
440,숙지공원내 다목적체육관,1650,경기도 수원시 팔달구 화양로68번길 7-2,경기도 수원시 팔달구 화서동 산 23,37.2839058536,126.9975772605
441,수원환경사업소 송풍기  탈수기  농축기동(3층),1290.14,경기도 화성시 태안로 263,경기도 화성시 송산동 5-1,37.2145148309,127.021131256
442,수원환경사업소 공원화장실,279.08,경기도 화성시 태안로 263,경기도 화성시 송산동 5-1,37.2145148309,127.021131256
443,수원환경사업소 수원환경사업소 후생복지관 지하1층,80.4,경기도 화성시 태안로 263,경기도 화성시 송산동 5-1,37.2145148309,127.021131256
444,수원환경사업소 수원환경사업소 수위실,47.4,경기도 화성시 태안로 263,경기도 화성시 송산동 5-1번지외 297필지,37.2145148309,127.021131256
445,수원환경사업소 수원환경사업소 관리본관(관리동 지하1층),437.25,경기도 화성시 태안로 263,경기도 화성시 송산동 5-1외 297필지,37.2145148309,127.021131256
446,수원환경사업소 수원환경사업소 관리본관식당(관리동 2층),232.11,경기도 화성시 태안로 263,경기도 화성시 송산동 5-1외297필지,37.2145148309,127.021131256
447,수원환경사업소 유입펌프동,1264.04,,경기도 화성시 송산동 5-15-1번지 외 297번지,,
448,수원환경사업소 골프연습장 (1층),1287.4,,경기도 화성시 송산동 5-15-1번지 외 297필지,,
449,수원환경사업소 골프연습장(지하1층),302.73,,경기도 화성시 송산동 5-15-1번지 외 297필지,,
450,수원환경사업소 분뇨 및 쓰레기처리시설,50.4,,경기도 화성시 송산동 5-15-1번지 외 297필지,,
451,수원환경사업소 송풍기  탈수기  농추긱동,1448.14,,경기도 화성시 송산동 5-15-1번지 외 297필지,,
452,수원환경사업소 송풍기  탈수기  농축기동(1층),2092,,경기도 화성시 송산동 5-15-1번지 외 297필지,,
453,수원환경사업소 송풍기  탈수기  농축기동(2층),270.14,,경기도 화성시 송산동 5-15-1번지 외 297필지,,
454,수원환경사업소 슬러지저장창고,450,,경기도 화성시 송산동 5-15-1번지 외 297필지,,
455,수원환경사업소 운동시설(골프연습장),1114.96,,경기도 화성시 송산동 5-15-1번지 외 297필지,,
456,수원환경사업소 운동시설(골프연습장) 지하1층,124.84,,경기도 화성시 송산동 5-15-1번지 외 297필지,,
457,수원환경사업소 침전지 계단 및 전기실 (1층),938.01,,경기도 화성시 송산동 5-15-1번지 외 297필지,,
458,수원환경사업소 침전지계단 및 전기실(지하1층),253.58,,경기도 화성시 송산동 5-15-1번지 외 297필지,,
459,수원환경사업소 가스브로와동(1처리장 산발효조 1층),228.48,,경기도 화성시 송산동 5-15-1외 297필지,,
460,수원환경사업소 가스브로와동(1처리장 산발효조 지하1층),94.24,,경기도 화성시 송산동 5-15-1외 297필지,,
461,수원환경사업소 급수동(1처리장 종침4계열뒤 1층),171.15,,경기도 화성시 송산동 5-15-1외 297필지,,
462,수원환경사업소 송탈수기동(1처리장 통제실 1층),1828.32,,경기도 화성시 송산동 5-15-1외 297필지,,
463,수원환경사업소 송탈수기동(1처리장 통제실 2층),1341.32,,경기도 화성시 송산동 5-15-1외 297필지,,
464,수원환경사업소 송탈수기동(1처리장 통제실 지하1층),1968.72,,경기도 화성시 송산동 5-15-1외 297필지,,
465,수원환경사업소 염소투입동(1처리장 종침4계열뒤 1층),112.3,,경기도 화성시 송산동 5-15-1외 297필지,,
466,수원환경사업소 염소투입동(1처리장 종침4계열뒤 지하1층),133.5,,경기도 화성시 송산동 5-15-1외 297필지,,
467,장안사랑채 A동,391.42,경기도 수원시 팔달구 정조로 887,경기도 수원시 팔달구 장안동 33-1,37.2870682008,127.0144896436
468,경기도참전유공장애인협의회수원시지회(사용허가),42.98,경기도 수원시 팔달구 향교로 164,경기도 수원시 팔달구 중동 22-1,37.2749524223,127.0164286003
469,신복경로당,95.14,경기도 수원시 팔달구 중부대로125번길 23-11,경기도 수원시 팔달구 지동 182-2,37.2796272467,127.0289988057
470,동문경로당,232.34,경기도 수원시 팔달구 창룡문로100번길 10,경기도 수원시 팔달구 지동 232-26,37.2857528244,127.0257680412
471,창룡마을창작센터,738.59,경기도 수원시 팔달구 창룡문로 34,경기도 수원시 팔달구 지동 294-8,37.2803724763,127.0215265192
472,못골경로당,121.5,경기도 수원시 팔달구 팔달문로115번길 43,경기도 수원시 팔달구 지동 473,37.283479984,127.0276887741
473,팔달문시장고객지원센터,405.35,경기도 수원시 팔달구 팔달문로 9,경기도 수원시 팔달구 팔달로2가 48-1,37.2777461119,127.018486255
474,청소년별보듬터(여자단기청소년쉼터),1116.64,,경기도 수원시 팔달구 팔달로3가 79 지상3층,37.2754548376,127.0158501224
475,화서1동경로당,161.81,경기도 수원시 팔달구 팔달로119번길 64,경기도 수원시 팔달구 화서동 116-5,37.2794815949,127.0000770517
476,화서1동 환경관리원 쉼터,199.3,경기도 수원시 팔달구 동말로26번길 9-19,경기도 수원시 팔달구 화서동 184-115,37.2779855099,126.9980001354
477,화서1동어린이집,596.72,경기도 수원시 팔달구 동말로4번길 22,경기도 수원시 팔달구 화서동 184-353,37.2760811789,126.9953169156
478,숙지화장실,105.58,,경기도 수원시 팔달구 화서동 259-13,37.2853719658,126.9976947335
479,화서다산도서관,3611,경기도 수원시 팔달구 화양로68번길 7-35,경기도 수원시 팔달구 화서동 262,37.2856629403,126.9974302043
480,서문경로당,199.86,경기도 수원시 팔달구 팔달로173번길 14-13,경기도 수원시 팔달구 화서동 34-4,37.2842661421,127.0060807374
481,서호체육센터,4309,경기도 수원시 팔달구 수성로 120,경기도 수원시 팔달구 화서동 410-6,37.2843167111,126.9862604877
482,백로화장실,31.2,경기도 수원시 팔달구 수성로 92,경기도 수원시 팔달구 화서동 436-2,37.2818400133,126.9887695398
483,시립 꽃뫼보듬이 나눔이 어린이집,849.24,경기도 수원시 팔달구 덕영대로697번길 21-4,경기도 수원시 팔달구 화서동 660,37.2851235781,126.9914435154
484,서화경로당,151.44,경기도 수원시 팔달구 팔달로153번길 4,경기도 수원시 팔달구 화서동 68-4,37.2821813958,127.005473924
485,수원시글로벌청소년드림센터,1428.82,경기도 수원시 팔달구 팔달로141번길 4,경기도 수원시 팔달구 화서동 70-10,37.2812503949,127.0048595853
486,봉화대화장실,49.59,경기도 수원시 팔달구 창룡대로104번길 158,경기도 수원시 팔달구 남수동 7-3,37.281686102,127.0209316109
487,주민자치 교육공간,71.07,,경기도 수원시 권선구 평동 182,37.2588814751,126.9934467622
488,장애인 실내게이트볼장,459,경기도 수원시 권선구 수성로 88,경기도 수원시 권선구 서둔동 365,37.2833491176,126.9834122072
489,수원환경사업소 화장실,122.66,경기도 화성시 태안로 263,경기도 화성시 송산동 5-1번지 외 297필지,37.2145148309,127.021131256
490,수원환경사업소 수원환경사업소 관리본관(관리동 1층),864,경기도 화성시 태안로 263,경기도 화성시 송산동 5-1외 297필지,37.2145148309,127.021131256
491,수원환경사업소 수원환경사업소 후생복지관,321.6,,경기도 화성시 송산동 5-1 외 297번지,,
492,수원환경사업소 골프연습장(2층),1177.67,,경기도 화성시 송산동 5-15-1번지 외 297필지,,
493,수원환경사업소 송풍기  탈수기  농축기동 (4층),150,,경기도 화성시 송산동 5-15-1번지 외 297필지,,
494,수원환경사업소 염소투입동,270,,경기도 화성시 송산동 5-15-1번지 외 297필지,,
495,수원환경사업소 중간펌프동,1120.86,,경기도 화성시 송산동 5-15-1번지 외 297필지,,
496,시립지방산업단지 어린이집,1570,경기도 수원시 권선구 산업로 174-21,경기도 수원시 권선구 고색동 1095,37.241951136,126.9841007754
497,정현 중보들 테니스센터,2644.81,,경기도 수원시 권선구 고색동 1129,37.2475366726,126.9896215269
498,고색2동경로당(작은말),71.34,경기도 수원시 권선구 고색로78번길 5,경기도 수원시 권선구 고색동 36-31,37.2509168749,126.9854491534
499,수원시음식물자원화시설-사무실,399.73,경기도 수원시 권선구 매송고색로804번길 432,경기도 수원시 권선구 고색동 557 외 2필지,37.2348788548,126.9870237463
500,수원시음식물자원화시설-원수저류조  수처리시설(14동),158.12,경기도 수원시 권선구 매송고색로804번길 432,경기도 수원시 권선구 고색동 557 외 2필지,37.2348788548,126.9870237463
501,수원시음식물자원화시설-처리장  사무실,671.87,경기도 수원시 권선구 매송고색로804번길 432,경기도 수원시 권선구 고색동 557 외 2필지,37.2348788548,126.9870237463
502,환경사업소위생처리장 - 발효실,640.9,경기도 수원시 권선구 매송고색로804번길 432,경기도 수원시 권선구 고색동 557 외 2필지,37.2348788548,126.9870237463
503,델타플렉스 3단지 방류펌프장,124.36,,경기도 수원시 권선구 고색동 783-2,37.2347147673,126.984648644
504,도로교통관리사업소청사,2746,경기도 수원시 권선구 서부로 1600,경기도 수원시 권선구 고색동 886-70,37.252382664,126.9764294759
505,체육시설(서수원체육공원),261.12,경기도 수원시 권선구 매송고색로 594,경기도 수원시 권선구 고색동 904-14,37.2473966558,126.9700594991
506,서수원주민편의시설,5829.39,경기도 수원시 권선구 매송고색로 620,경기도 수원시 권선구 고색동 905-19,37.2477428437,126.9728985098
507,고색뉴지엄,1810.71,경기도 수원시 권선구 산업로 85,경기도 수원시 권선구 고색동 979,37.2399958447,126.9740235272
508,수원환경사업소 운동시설(골프연습장) 3층,628.17,,경기도 화성시 송산동 5-15-1번지외 297필지,,
509,수원환경사업소 급수동(1처리장 종침4계열뒤 지하1층),258.75,,경기도 화성시 송산동 5-15-1외 297필지,,
510,권선화장실,58.32,,경기도 수원시 권선구 곡반정동 1310,,
511,고렴화장실(고렴공원),39.7,,경기도 수원시 권선구 곡반정동 42,,
512,안용경로당,195.75,경기도 수원시 권선구 동수원로146번길 16-10,경기도 수원시 권선구 곡반정동 523,37.2434040874,127.0322572729
513,곡반정동 제1공영주차장,3912.78,경기도 수원시 권선구 동수원로146번길 182-10,경기도 수원시 권선구 곡반정동 524,37.2432255928,127.0327093717
514,곡선동 행정복지센터,2078,경기도 수원시 권선구 동수원로146번길 174,경기도 수원시 권선구 곡반정동 525,37.2433271896,127.0333288642
515,고렴공원 화장실,121.36,경기도 수원시 권선구 동수원로 114,경기도 수원시 권선구 곡반정동 546,37.2406337249,127.0292077276
516,곡반정경로당,326.64,경기도 수원시 권선구 곡반정로19번길 47,경기도 수원시 권선구 곡반정동 591-7,37.234046038,127.0250774915
517,홍재복지타운,7237.39,경기도 수원시 권선구 곡반정로194번길 19,경기도 수원시 권선구 곡반정동 91-7,37.2445060675,127.0374257254
518,서수원체육관,981.19,,경기도 수원시 권선구 구운동 501,37.278754799,126.9758407765
519,실내배드민턴장(구운공원),985.19,,경기도 수원시 권선구 구운동 501,37.278754799,126.9758407765
520,수원시권선구노인회지회,470.29,,경기도 수원시 권선구 구운동 501,37.278754799,126.9758407765
521,서호노인복지회관,3772.78,,경기도 수원시 권선구 구운동 501-1,,
522,군들경로당,262.6,경기도 수원시 권선구 구운로45번길 8-32,경기도 수원시 권선구 구운동 962-10,37.2775537989,126.9713032715
523,실내배드민턴장(올림픽공원),780,,경기도 수원시 권선구 권선동 1012,37.260741241,127.0262857825
524,올림피아화장실,57.4,,경기도 수원시 권선구 권선동 1012,37.260741241,127.0262857825
525,수원남부소방서119구조대,460.9,경기도 수원시 권선구 권선로 669,경기도 수원시 권선구 권선동 1019-11,37.2600051642,127.024801777
526,권선1동 행정복지센터,1984,경기도 수원시 권선구 경수대로352번길 29,경기도 수원시 권선구 권선동 1034-5,37.2577418593,127.0246017311
527,권선1동 행정복지센터(문서창고),2010.22,경기도 수원시 권선구 경수대로352번길 29,경기도 수원시 권선구 권선동 1034-5,37.2577418593,127.0246017311
528,휴먼서비스센터,999.33,경기도 수원시 권선구 권선로 768,경기도 수원시 권선구 권선동 1166,37.2566380946,127.0349270206
529,다정어린이공원공중화장실,12,경기도 수원시 권선구 경수대로302번길 32,경기도 수원시 권선구 권선동 1188-2,37.2525751556,127.021939166
530,나그네화장실,30,경기도 수원시 권선구 덕영대로1207번길 26-6,경기도 수원시 권선구 권선동 1198,37.2499853819,127.02348905
531,삼천리권선2차아파트 내 어린이집,213,경기도 수원시 권선구 매탄로 25,경기도 수원시 권선구 권선동 1238,37.2545528894,127.0387738767
532,권선2동 행정복지센터,1752.71,경기도 수원시 권선구 권중로 85,경기도 수원시 권선구 권선동 1268-2,37.2513263175,127.0297162861
533,권선중앙 실내체육관,867.06,,경기도 수원시 권선구 권선동 1269,37.2518611712,127.0304797417
534,샛길화장실,34.26,,경기도 수원시 권선구 권선동 1269,37.2518611712,127.0304797417
535,지혜샘도서관,2447.92,경기도 수원시 권선구 동탄원천로 818,경기도 수원시 권선구 권선동 1310,37.2479958759,127.0400992633
536,고색향토문화전시관(고색줄다기전시관),471.75,,경기도 수원시 권선구 고색동 1129,37.2475366726,126.9896215269
537,기업지원센터(수원벤처밸리2(6층)),9243.63,경기도 수원시 권선구 산업로156번길 142-10,경기도 수원시 권선구 고색동 1152,37.2384099802,126.9864812076
538,수원시음식물자원화시설-경비실,24.8,경기도 수원시 권선구 매송고색로804번길 432,경기도 수원시 권선구 고색동 557,37.2348788548,126.9870237463
539,수원시음식물자원화시설-세차장(15동),60,경기도 수원시 권선구 매송고색로804번길 432,경기도 수원시 권선구 고색동 557 외 2필지,37.2348788548,126.9870237463
540,수원시음식물자원화시설-처리장,348.19,경기도 수원시 권선구 매송고색로804번길 432,경기도 수원시 권선구 고색동 557 외 2필지,37.2348788548,126.9870237463
541,여성문화공간-휴,2666.77,경기도 수원시 권선구 동수원로224번길 10,경기도 수원시 권선구 권선동 1311-2,37.2492986452,127.0343970677
542,한림도서관,2417.34,경기도 수원시 권선구 동수원로25번길 32-52,경기도 수원시 권선구 권선동 1355-4,37.237606247,127.0249987869
543,수원 농수산물도매시장,50852.2,,경기도 수원시 권선구 권선동 1369,,
544,중앙경로당,163.99,경기도 수원시 권선구 세지로112번길 25-18,경기도 수원시 권선구 권선동 954-2,37.2620726114,127.0211348145
545,제일경로당,148.32,경기도 수원시 권선구 장다리로 97,경기도 수원시 권선구 권선동 985,37.259035536,127.0212893686
546,산울림공원 공중화장실,87.9,경기도 수원시 권선구 당수로 41-107,경기도 수원시 권선구 금곡동 1059,37.2770488747,126.9361135239
547,칠보체육관,18364.03,경기도 수원시 권선구 서수원로577번길 171,경기도 수원시 권선구 금곡동 1071,37.276277026,126.9483014397
548,생태환경체험교육관,342.36,,경기도 수원시 권선구 금곡동 1074,37.2764818668,126.9458409463
549,상촌경로당,270.86,경기도 수원시 권선구 금곡로 5-9,경기도 수원시 권선구 금곡동 758-9,37.2682970617,126.9381525462
550,당수동어린이집,596.51,경기도 수원시 권선구 당진로22번길 46,경기도 수원시 권선구 당수동 227,37.2908192981,126.9431409576
551,견인보관소,506.25,,경기도 수원시 권선구 대황교동 253,37.2371568344,127.0186205328
552,교통약자이동지원센터,817,,경기도 수원시 권선구 대황교동 253,37.2371568344,127.0186205328
553,서둔119안전센터,347.84,경기도 수원시 권선구 서호동로 48,경기도 수원시 권선구 서둔동 17-77,37.2689519067,126.99337945
554,서둔동 동대본부,162.54,경기도 수원시 권선구 서호로 146,경기도 수원시 권선구 서둔동 207-13,37.2725980742,126.9860686227
555,서호공원 화장실,48.18,경기도 수원시 권선구 수인로 154,경기도 수원시 권선구 서둔동 225-34,37.2761558296,126.9813069295
556,수원시 더함파크,7518.62,,경기도 수원시 권선구 서둔동 251-3,37.2754050991,126.9832858167
557,후생관,1570.96,,경기도 수원시 권선구 서둔동 251-6,37.2743509833,126.9838160133
558,여기산화장실,51.08,,경기도 수원시 권선구 서둔동 260-5,,
559,여기산경로당,186.04,경기도 수원시 권선구 여기산로16번길 17,경기도 수원시 권선구 서둔동 260-66,37.2789335674,126.97958456
560,수원역 환승센터,35163,경기도 수원시 권선구 세화로 118,경기도 수원시 권선구 서둔동 296-3,37.2628789407,126.9960591384
561,여기산(동)화장실,132.52,경기도 수원시 권선구 수성로 88,경기도 수원시 권선구 서둔동 365,37.2833491176,126.9834122072
562,역세권1지구 공영주차장,2422.79,,경기도 수원시 권선구 서둔동 393,37.2611517936,126.9904478624
563,수원중소유통도매물류센타,1145,경기도 수원시 권선구 세화로 222,경기도 수원시 권선구 서둔동 9-3,37.2723783425,126.9957589649
564,문화경로당,116.48,경기도 수원시 권선구 세지로12번길 45,경기도 수원시 권선구 세류동 1106,37.2526555044,127.017304103
565,세리경로당,130.5,경기도 수원시 권선구 경수대로235번길 68-4,경기도 수원시 권선구 세류동 1135,37.2496687567,127.0143350577
566,신곡경로당,162.06,경기도 수원시 권선구 경수대로191번길 14-4,경기도 수원시 권선구 세류동 1155-2,37.2445584615,127.0166905199
567,수원시음식물자원화시설-하수등 처리시설,1938.72,경기도 수원시 권선구 매송고색로804번길 432,경기도 수원시 권선구 고색동 557 외 2필지,37.2348788548,126.9870237463
568,음식물사료화시설_건물(조립식판넬)포함_후숙시설,1759.15,경기도 수원시 권선구 매송고색로804번길 432,경기도 수원시 권선구 고색동 694-2,37.2348788548,126.9870237463
569,도로교통관리사업소청사 신관,1560,경기도 수원시 권선구 서부로 1600,경기도 수원시 권선구 고색동 886-70,37.252382664,126.9764294759
570,바람개비화장실,75.47,,경기도 수원시 권선구 고색동 904-4,37.2472089422,126.9700385252
571,솔대공중화장실,145.44,경기도 수원시 권선구 오목천로152번길 29,경기도 수원시 권선구 고색동 917,37.2437104073,126.9782821898
572,델타플렉스1단지 배수펌프장,457.9,경기도 수원시 권선구 오목천로 96,경기도 수원시 권선구 고색동 980,37.2410554998,126.9731254751
573,수원시자원회수시설 공장동,14252.98,경기도 수원시 영통구 영통로 383,경기도 수원시 영통구 영통동 962-3,37.2585654463,127.0677994429
574,수원시자원회수시설 세차동,164.8,경기도 수원시 영통구 영통로 383,경기도 수원시 영통구 영통동 962-3,37.2585654463,127.0677994429
575,수원시자원회수시설 주경비동,35.69,경기도 수원시 영통구 영통로 383,경기도 수원시 영통구 영통동 962-3,37.2585654463,127.0677994429
576,수원시자원회수시설 옥외화장실,17.01,경기도 수원시 영통구 영통로 383,경기도 수원시 영통구 영통동 962-3,37.2585654463,127.0677994429
577,수원시자원회수시설 내 동아리실,81.12,경기도 수원시 영통구 영통로 399,경기도 수원시 영통구 영통동 962-5,37.2573939167,127.0703547423
578,벽적골공원 화장실,40.14,경기도 수원시 영통구 덕영대로1555번길 60,경기도 수원시 영통구 영통동 969-2,37.2486734317,127.0618910939
579,영통2동 행정복지센터,1715.99,경기도 수원시 영통구 영통로217번길 12,경기도 수원시 영통구 영통동 977-3,37.2469580587,127.0563196729
580,교통공원내관리사무소및교육동,586.05,경기도 수원시 영통구 덕영대로 1570,경기도 수원시 영통구 영통동 981-4,37.2454045935,127.062766935
581,살구화장실,42.29,경기도 수원시 영통구 매영로 366,경기도 수원시 영통구 영통동 989-3,37.2492538147,127.0727125052
582,장애인재활자립작업장(팩토리월드 내),524.8,경기도 수원시 영통구 삼성로 274,경기도 수원시 영통구 원천동 332-2수원팩토리월드 201호,37.2655925945,127.0643194229
583,세류3동 분회경로당,185.43,경기도 수원시 권선구 정조로588번길 18-9,경기도 수원시 권선구 세류동 152-14,37.2606752904,127.0144561123
584,세류3동 미화원 막사,64,경기도 수원시 권선구 권선로 592-6,경기도 수원시 권선구 세류동 155-13,37.2618264034,127.0160050393
585,권선구청 방치차량 보관소,71,경기도 수원시 권선구 덕영대로 1030,경기도 수원시 권선구 세류동 204-15,37.257061205,127.0058637256
586,방치차량보관소,3349,경기도 수원시 권선구 덕영대로 1030,경기도 수원시 권선구 세류동 204-15,37.257061205,127.0058637256
587,세류1동 분회경로당,198.91,경기도 수원시 권선구 세류로38번길 13-8,경기도 수원시 권선구 세류동 222-3,37.2626171121,127.0088273162
588,세류1동 행정복지센터(별관),901.73,경기도 수원시 권선구 세류로38번길 10,경기도 수원시 권선구 세류동 223-2,37.2621899095,127.0079729847
589,가는골경로당,254.16,경기도 수원시 권선구 덕영대로997번길 61,경기도 수원시 권선구 세류동 256-27,37.2585633071,127.007252282
590,통미경로당,60.77,경기도 수원시 권선구 덕영대로1049번길 18-6,경기도 수원시 권선구 세류동 450-2,37.2569539331,127.0082438576
591,세류3동 행정복지센터,1495.22,,경기도 수원시 권선구 세류동 476-11,37.2590515435,127.0119629877
592,시립세류어린이집,936.16,,경기도 수원시 권선구 세류동 476-11,37.2590515435,127.0119629877
593,버드내도서관,4000.44,경기도 수원시 권선구 세권로94번길 29,경기도 수원시 권선구 세류동 503-2,37.2568186703,127.0147853432
594,신성경로당,115.47,경기도 수원시 권선구 세권로 89-10,경기도 수원시 권선구 세류동 519-1,37.2585481937,127.0145035975
595,현대경로당,198.11,경기도 수원시 권선구 정조로485번길 13-1,경기도 수원시 권선구 세류동 569-13,37.2522677874,127.0106874294
596,새터경로당,246.24,경기도 수원시 권선구 새터로29번길 19-1,경기도 수원시 권선구 세류동 666-4,37.2528036429,127.0073123479
597,세류2동 행정복지센터,1456.59,경기도 수원시 권선구 덕영대로 1107,경기도 수원시 권선구 세류동 980-1,37.253377362,127.0130821255
598,가림리경로당,112.06,경기도 수원시 권선구 매송고색로503번길 89,경기도 수원시 권선구 오목천동 1145,37.2465779759,126.9564897008
599,온정마을경로당,161,,경기도 수원시 권선구 오목천동 36-5,37.2512080568,126.9651224099
600,농업기술센터청사 환기시설,80,경기도 수원시 권선구 온정로 45,경기도 수원시 권선구 오목천동 40,37.2501147879,126.9631508961
601,입북경로당,166.71,경기도 수원시 권선구 입북로 35-4,경기도 수원시 권선구 입북동 412-13,37.2950035698,126.9590862436
602,웃거리경로당,265.83,경기도 수원시 권선구 서둔로269번길 12,경기도 수원시 권선구 탑동 2-3,37.2752861013,126.9782561126
603,서수원지식정보도서관,4587,경기도 수원시 권선구 탑동로57번길 35,경기도 수원시 권선구 탑동 746-1,37.2730951249,126.9720224909
604,북탑경로당,219.88,경기도 수원시 권선구 서둔로199번길 10,경기도 수원시 권선구 탑동 888-9,37.2692410283,126.9789971089
605,시립탑고을어린이집,823.47,경기도 수원시 권선구 호매실로 12,경기도 수원시 권선구 탑동 900,37.2576448884,126.9719386366
606,수원시기후변화체험교육관,3477.74,경기도 수원시 권선구 호매실로 46-38,경기도 수원시 권선구 탑동 907,37.2578464843,126.9686443333
607,평동경로당,98.98,경기도 수원시 권선구 평동로 95-10,경기도 수원시 권선구 평동 10-44,37.2597712632,126.9944446291
608,매원경로당,81.46,경기도 수원시 영통구 신원로276번길 36,경기도 수원시 영통구 원천동 369,37.2603134707,127.0627033244
609,나촌배수지 테니스장 편익시설(샤워실),30.6,경기도 수원시 영통구 매영로199번길 50,경기도 수원시 영통구 원천동 419-29,37.2620370461,127.0656706744
610,원천먼내경로당,115,경기도 수원시 영통구 동탄원천로1109번길 22,경기도 수원시 영통구 원천동 463-1,37.2695790405,127.0576419439
611,원천배수지,106.77,,경기도 수원시 영통구 원천동 592,37.2752943939,127.0588290286
612,원천동 행정복지센터,2369.25,경기도 수원시 영통구 중부대로 339,경기도 수원시 영통구 원천동 610,37.2735107118,127.0532650861
613,광교중앙공원 화장실,19.34,,경기도 수원시 영통구 이의동 107-4,37.2938459391,127.0600494928
614,수원장애인종합복지관,8386.29,경기도 수원시 영통구 창룡대로 255,경기도 수원시 영통구 이의동 1088-13,37.295573583,127.0360300663
615,열림배수지점검동-저지배수지,20.48,,경기도 수원시 영통구 이의동 1181,37.3091531813,127.0403884875
616,광교웰빙국민체육센터,4680,,경기도 수원시 영통구 이의동 1183-0,37.3050204465,127.0430584554
617,광교홍재도서관,9824.73,경기도 수원시 영통구 대학로 88,경기도 수원시 영통구 이의동 1209,37.3029460087,127.0474265563
618,광교대학로경로당,115.24,경기도 수원시 영통구 대학4로 23,경기도 수원시 영통구 이의동 1246-2,37.2996633859,127.0470174599
619,연암배수지 점검동-저지배수지,25.27,경기도 수원시 영통구 광교로 85,경기도 수원시 영통구 이의동 1291,37.2898978966,127.0416419855
620,연암배수지화장실-저지배수지,50.56,경기도 수원시 영통구 광교로 85,경기도 수원시 영통구 이의동 1291,37.2898978966,127.0416419855
621,수원시광교노인복지관,4700.52,경기도 수원시 영통구 센트럴타운로 22,경기도 수원시 영통구 이의동 1328-1,37.2896946978,127.0567231946
622,근린공원8호 관리동(공중화장실),270.16,경기도 수원시 영통구 에듀타운로 91,경기도 수원시 영통구 이의동 1354,37.2882360218,127.0452583526
623,수원광교박물관,4086.44,경기도 수원시 영통구 광교로 182,경기도 수원시 영통구 이의동 403-2,37.296345035,127.0514263771
624,수원시궁도장,458.4,,경기도 수원시 영통구 이의동 산 251-1,,
625,동부버스차고지 사무동,985.4,경기도 수원시 영통구 광교호수로 250,경기도 수원시 영통구 하동 1007-1,37.2865199541,127.0784245966
626,동부버스차고지 세차관리실,15.25,경기도 수원시 영통구 광교호수로 250,경기도 수원시 영통구 하동 1007-1,37.2865199541,127.0784245966
627,수원컨벤션센터 여행스테이션,36,경기도 수원시 영통구 광교중앙로 140,경기도 수원시 영통구 하동 1017 외 3필지,37.2858741001,127.0594869532
628,광교호수공원 전망대,345,,경기도 수원시 영통구 하동 1024,37.2758846631,127.0662679145
629,광교 푸른숲도서관,4505.89,,경기도 수원시 영통구 하동 1024,37.2758846631,127.0662679145
630,자원순환센터 경비계량동,96,경기도 수원시 영통구 광교호수로 278-1,경기도 수원시 영통구 하동 17-3,37.2892427709,127.0862615208
631,자원순환센터 관리동(신관),1733.56,경기도 수원시 영통구 광교호수로 278-1,경기도 수원시 영통구 하동 17-3,37.2892427709,127.0862615208
632,자원순환센터 복지동,720,경기도 수원시 영통구 광교호수로 278-1,경기도 수원시 영통구 하동 17-3,37.2892427709,127.0862615208
633,수원선경산업관(본관동),231.55,,경기도 수원시 권선구 평동 183,37.2585750386,126.992420993
634,수원선경산업관(관리동)(전시장),71.07,,경기도 수원시 권선구 평동 183,37.2585750386,126.992420993
635,평동 행정복지센터,1164.63,경기도 수원시 권선구 평동로76번길 13,경기도 수원시 권선구 평동 35-6,37.2580574112,126.9941628792
636,평동어린이집,353,경기도 수원시 권선구 평동로79번길 34,경기도 수원시 권선구 평동 4-25,37.2597070115,126.9941744026
637,평동배수펌프장,309.96,경기도 수원시 권선구 매송고색로825번길 20,경기도 수원시 권선구 평동 45-20,37.2557829252,126.9934676528
638,보훈회관,2863,,경기도 수원시 권선구 호매실동 123,37.2671021097,126.9647537098
639,호매실도서관,4930.45,경기도 수원시 권선구 칠보로 169,경기도 수원시 권선구 호매실동 1369,37.2664151547,126.9579148455
640,호매실문화센터,410.05,경기도 수원시 권선구 서수원로 431,경기도 수원시 권선구 호매실동 1378,37.2649212818,126.9624029558
641,호매실장애인복지관,12620.58,경기도 수원시 권선구 호매실로 211,경기도 수원시 권선구 호매실동 1385,37.2631644611,126.956675029
642,수원서부차고지 정비동,163,경기도 수원시 권선구 온정로 107,경기도 수원시 권선구 호매실동 1407,37.2548107963,126.9630950214
643,호매실동 행정복지센터,1771,,경기도 수원시 권선구 호매실동 415-2,37.266099176,126.9568964254
644,두암경로당,161.42,경기도 수원시 권선구 칠보로241번길 11-3,경기도 수원시 권선구 호매실동 79-9,37.2696103094,126.958839358
645,망포2동 행정복지센터,1791,경기도 수원시 영통구 태장로54번길 10,경기도 수원시 영통구 망포동 234-43,37.238854857,127.0516319868
646,방죽공원 화장실,132,경기도 수원시 영통구 덕영대로1484번길 10-25,경기도 수원시 영통구 망포동 737,37.2446953623,127.0514846369
647,망포글빛도서관,2929.14,,경기도 수원시 영통구 망포동 780,37.2387322822,127.0454882583
648,산남경로당,79.56,경기도 수원시 영통구 매봉로35번길 43,경기도 수원시 영통구 매탄동 111-107,37.2717061753,127.0504221248
649,새터경로당,112.26,경기도 수원시 영통구 동수원로286번길 33-3,경기도 수원시 영통구 매탄동 1177,37.2549013482,127.037982388
650,바른샘도서관,2666.07,경기도 수원시 영통구 매봉로 10,경기도 수원시 영통구 매탄동 1213,37.2688561279,127.0523677315
651,수원시 영통구청,5624.88,,경기도 수원시 영통구 매탄동 1268,37.259612704,127.0465469437
652,공원관리소(머내생태공원),12,,경기도 수원시 영통구 매탄동 1318,37.2594045128,127.0489198175
653,선주리들화장실,16.67,경기도 수원시 영통구 동탄원천로915번길 33,경기도 수원시 영통구 매탄동 1345,37.2560423973,127.0439972331
654,가마니골 경로당,183.9,경기도 수원시 영통구 권광로304번길 32,경기도 수원시 영통구 매탄동 168-1,37.2741219694,127.0387221947
655,매탄2동경로당,73.8,경기도 수원시 영통구 매여울로10번길 14-20,경기도 수원시 영통구 매탄동 196-25,37.2716856006,127.0473881583
656,매탄4동 행정복지센터,1983.09,경기도 수원시 영통구 산남로 26-4,경기도 수원시 영통구 매탄동 232-2,37.2651194929,127.0487131687
657,실내배드민턴장(매탄공원),820,경기도 수원시 영통구 매탄로 185,경기도 수원시 영통구 매탄동 811,37.2687315427,127.0456914785
658,솔숲화장실,51.23,경기도 수원시 영통구 매탄로 185,경기도 수원시 영통구 매탄동 811,37.2687315427,127.0456914785
659,하광교경로당(다목적회관),404,경기도 수원시 장안구 광교산로 365,경기도 수원시 장안구 하광교동 107-19,37.3155614379,127.0189900025
660,상수도사업소 통합관리청사,2821.2,경기도 수원시 장안구 광교산로 119,경기도 수원시 장안구 하광교동 416-1,37.3015156198,127.0287560312
661,광교수련원 정신교육관,408,경기도 수원시 장안구 광교산로 349,경기도 수원시 장안구 하광교동 86-3,37.3143290459,127.0196072719
662,광교수련원 창고(교보재),15.9,경기도 수원시 장안구 광교산로 349,경기도 수원시 장안구 하광교동 86-3,37.3143290459,127.0196072719
663,광교임시수련원 공중화장실,40,경기도 수원시 장안구 광교산로 337,경기도 수원시 장안구 하광교동 89-2,37.3131872441,127.0203367986
664,자원순환센터 세차정비동,296,경기도 수원시 영통구 광교호수로 278-1,경기도 수원시 영통구 하동 17-3,37.2892427709,127.0862615208
665,자원순환센터 옥외저장고,296,경기도 수원시 영통구 광교호수로 278-1,경기도 수원시 영통구 하동 17-3,37.2892427709,127.0862615208
666,수원시연화장,18111.11,경기도 수원시 영통구 광교호수로 278,경기도 수원시 영통구 하동 20,37.2899205022,127.0841706625
667,수원시 동물보호센터,754.9,경기도 수원시 영통구 광교호수로 234,경기도 수원시 영통구 하동 40-10,37.2850336895,127.0787149165
668,광교2동 행정복지센터,2999.28,경기도 수원시 영통구 법조로149번길 155,경기도 수원시 영통구 하동 976,37.2922409767,127.0701228091
669,로컬푸드직매장(광교 마을공동구판장),916.27,경기도 수원시 장안구 광교산로509번길 13,경기도 수원시 장안구 상광교동 287-2,37.3271604403,127.0141302084
670,수원북부순환로 장안영업소,1431.39,경기도 수원시 장안구 수원북부순환로 188,경기도 수원시 장안구 송죽동 10-6,37.3121009298,127.0082234371
671,만석공원 테니스장 관리사무실,333.32,,경기도 수원시 장안구 송죽동 226-1,37.3032303699,127.0006712329
672,중앙화장실,128.27,경기도 수원시 장안구 정조로 1087,경기도 수원시 장안구 송죽동 239-2,37.3017923784,127.0025472073
673,일왕저수지 수질정화시설,670.21,,경기도 수원시 장안구 송죽동 286-1,37.3015904568,126.9987876837
674,만석배드민턴전용경기장,4597.02,,경기도 수원시 장안구 송죽동 316-29,,
675,송죽동 안심마을 주민행복쉼터,306.64,경기도 수원시 장안구 정조로1041번길 12-3,경기도 수원시 장안구 송죽동 378-7,37.2985967143,127.0057162498
676,슬기샘도서관,2565,경기도 수원시 장안구 송정로 9,경기도 수원시 장안구 송죽동 417-23,37.2975775129,126.9991336554
677,교구정화장실,32.4,,경기도 수원시 장안구 송죽동 434,,
678,연꽃화장실,19.8,,경기도 수원시 장안구 송죽동 434,,
679,송죽동 행정복지센터,1253.93,경기도 수원시 장안구 송원로41번길 16-21,경기도 수원시 장안구 송죽동 502-1,37.3005312797,127.0070576011
680,연무동 행정복지센터,1705.23,경기도 수원시 장안구 경수대로 757,경기도 수원시 장안구 연무동 181-1,37.2905582533,127.0215409972
681,창훈대경로당,75.58,경기도 수원시 장안구 창훈로39번길 4,경기도 수원시 장안구 연무동 214-6,37.2961542655,127.0301368851
682,수성경로당,158,경기도 수원시 장안구 연무로20번길 15,경기도 수원시 장안구 연무동 229-16,37.2946357532,127.0290857694
683,장수경로당,68,경기도 수원시 장안구 월드컵로418번길 31,경기도 수원시 장안구 연무동 237-15,37.2943770303,127.0274965469
684,연무동 문화센터,1038.37,경기도 수원시 장안구 월드컵로 422,경기도 수원시 장안구 연무동 249-5,37.2935882862,127.0263619576
685,동문밖경로당,78,,경기도 수원시 장안구 연무동 252-1,37.2932632003,127.0238924813
686,수원어린이집,659.07,경기도 수원시 장안구 경수대로744번길 49,경기도 수원시 장안구 연무동 257-26,37.2924340452,127.0239999259
687,연무동 신미주아파트경로당,63.81,,경기도 수원시 장안구 연무동 4-20,37.3001316673,127.0307101625
688,달맞이화장실,97.68,,경기도 수원시 장안구 영화동 136-1,37.2888763951,127.0155349099
689,화성열차 임시차고지,200,경기도 수원시 장안구 팔달로 280,경기도 수원시 장안구 영화동 154-14,37.2898591074,127.015859377
690,매탄공원 화장실,512.6,경기도 수원시 영통구 매탄로 185,경기도 수원시 영통구 매탄동 811,37.2687315427,127.0456914785
691,매탄공원 다목적 체육시설,3058.49,경기도 수원시 영통구 매탄로 185,경기도 수원시 영통구 매탄동 811,37.2687315427,127.0456914785
692,산드래미아랫말경로당,90.56,경기도 수원시 영통구 산남로4번길 27,경기도 수원시 영통구 매탄동 861,37.2638574825,127.0486981433
693,매탄어린이집,666.92,경기도 수원시 영통구 인계로220번길 6-69,경기도 수원시 영통구 매탄동 923-21,37.2644131069,127.0408227458
694,행복을만드는집(수원시장애인공동작업장),582.54,,경기도 수원시 영통구 신동 486외 1필지 신동 디지털엠파이어2공장 103동 402호,,
695,반달화장실,81.25,경기도 수원시 영통구 반달로 77,경기도 수원시 영통구 영통동 1012-4,37.250871314,127.0788600935
696,영통동경로당,196.92,경기도 수원시 영통구 매영로 421-7,경기도 수원시 영통구 영통동 1017,37.2491086412,127.0774717063
697,영통체육문화센터,3403.03,경기도 수원시 영통구 봉영로1744번길 36,경기도 수원시 영통구 영통동 1052-3,37.2638814722,127.0845013887
698,영통육아종합지원센터,1321.36,경기도 수원시 영통구 봉영로1759번길 29,경기도 수원시 영통구 영통동 947-5,37.26661576,127.0805656942
699,공원관리소(황골공원),42.29,경기도 수원시 영통구 영통로 530,경기도 수원시 영통구 영통동 948-2,37.2663653791,127.07859337
700,황골공원 화장실,40.14,경기도 수원시 영통구 영통로 530,경기도 수원시 영통구 영통동 948-2,37.2663653791,127.07859337
701,영통도서관,4136,경기도 수원시 영통구 청명로 151,경기도 수원시 영통구 영통동 961-1,37.2571566298,127.0720363605
702,영통 청소년문화의 집,1438.18,경기도 수원시 영통구 매영로 333,경기도 수원시 영통구 영통동 961-7,37.2527490728,127.0696256061
703,곡반정동 제2공영주차장,4996.26,경기도 수원시 권선구 곡선로49번길 14-5,경기도 수원시 권선구 곡반정동 553,37.2395306715,127.0306351549
704,남부 버스공영차고지 조성공사,3355.26,경기도 수원시 권선구 덕영대로1368번길 2,경기도 수원시 권선구 곡반정동 88-12,37.2445922054,127.03871056
705,수원농수산물종합유통센터,43213.61,경기도 수원시 권선구 서부로 1937,경기도 수원시 권선구 구운동 218-1,37.2830135834,126.966696358
706,군들화장실,48.3,,경기도 수원시 권선구 구운동 501,37.278754799,126.9758407765
707,하구운경로당,155.43,경기도 수원시 권선구 구운로45번길 59-46,경기도 수원시 권선구 구운동 524,37.2763347371,126.9728345705
708,구운동 행정복지센터,1452.3,경기도 수원시 권선구 구운로47번길 57-33,경기도 수원시 권선구 구운동 965,37.2771128366,126.9714642745
709,88경로당,86.39,,경기도 수원시 권선구 권선동 1012,37.260741241,127.0262857825
710,인도래화장실(올림픽공원공중화장실),46.34,,경기도 수원시 권선구 권선동 1012,37.260741241,127.0262857825
711,권선경로당,298.73,경기도 수원시 권선구 권선로668번길 35-9,경기도 수원시 권선구 권선동 1033-10,37.2581454382,127.0240917248
712,권선1동 행정복지센터,1997.82,경기도 수원시 권선구 경수대로352번길 29,경기도 수원시 권선구 권선동 1034-5,37.2577418593,127.0246017311
713,장수경로당,117,경기도 수원시 권선구 권중로7번길 18,경기도 수원시 권선구 권선동 1163-7,37.2563188892,127.0339817281
714,고등동 행정복지센터,2988.95,경기도 수원시 팔달구 고등로 37,경기도 수원시 팔달구 고등동 153-1,37.273473763,127.0011319258
715,고등분회 경로당,171.48,경기도 수원시 팔달구 고등로71번길 24-3,경기도 수원시 팔달구 고등동 39,37.2746971277,127.0048235522
716,진달래화장실,33.67,경기도 수원시 팔달구 팔달산로 108,경기도 수원시 팔달구 고등동 42-139,37.2775686729,127.0103883426
717,교동 어울림센터,452.11,경기도 수원시 팔달구 향교로 115,경기도 수원시 팔달구 교동 23-1,37.2719453115,127.012894897
718,가족여성회관,2587.59,경기도 수원시 팔달구 매산로 119,경기도 수원시 팔달구 교동 74-1,37.2717674495,127.013482558
719,중앙도서관,2712.52,경기도 수원시 팔달구 팔달산로 318,경기도 수원시 팔달구 교동 산 3-3,37.2735917508,127.0121398483
720,구천동공구시장고객센터,153.52,경기도 수원시 팔달구 수원천로 211,경기도 수원시 팔달구 구천동 46-27,37.2727324343,127.0180106201
721,남수문,171.75,경기도 수원시 팔달구 수원천로 315-2,경기도 수원시 팔달구 남수동 154,37.2816475223,127.0180891405
722,남수동 마을사랑방,723.07,,경기도 수원시 팔달구 남수동 47-2101호,,
723,제30호문화시설(그림책 뮤지엄),393.44,경기도 수원시 팔달구 행궁로40번길 25-2,경기도 수원시 팔달구 남창동 136-43,37.2784928169,127.0137212783
724,수원호스텔(호스텔식당),130.94,경기도 수원시 팔달구 행궁로 11,경기도 수원시 팔달구 남창동 14,37.2807973662,127.0151841956
725,화성관광안내소,43.35,경기도 수원시 팔달구 정조로777번길 16,경기도 수원시 팔달구 남창동 148-8,37.2775442126,127.0153968207
726,한데우물 경로당,172.5,경기도 수원시 팔달구 행궁로26번길 21,경기도 수원시 팔달구 남창동 57-2,37.2795661396,127.0138835778
727,화성사업소관리과(청사),1520.76,경기도 수원시 팔달구 행궁로 18,경기도 수원시 팔달구 남창동 68-5,37.280867118,127.0146084429
728,영화동경로당,229.38,경기도 수원시 장안구 팔달로291번길 21-20,경기도 수원시 장안구 영화동 161-5,37.2911790796,127.014621177
729,영화동 행정복지센터 및 공영주차장,5821.14,경기도 수원시 장안구 수성로382번길 24,경기도 수원시 장안구 영화동 250-1,37.2931413721,127.0139541952
730,영화동 복합문화공간,251.71,경기도 수원시 장안구 정조로922번길 13,경기도 수원시 장안구 영화동 276-14,37.2904915878,127.0140276511
731,장안공원 종합관광안내소,68.4,경기도 수원시 장안구 팔달로 238,경기도 수원시 장안구 영화동 349-26,37.2875064908,127.0114746707
732,장안공원화장실,65.79,,경기도 수원시 장안구 영화동 349-42,,
733,화홍경로당,206.06,경기도 수원시 장안구 수원천로 407,경기도 수원시 장안구 영화동 37-205,37.2896998549,127.0188049513
734,화서문화장실,40.28,,경기도 수원시 장안구 영화동 374-4,37.2856242289,127.0086105068
735,영화동 다목적회관,528.4,경기도 수원시 장안구 수성로304번길 35-6,경기도 수원시 장안구 영화동 407-2,37.2899396828,127.0069913273
736,영화동 서문경로당,424.1,경기도 수원시 장안구 수성로262번길 77,경기도 수원시 장안구 영화동 422-26,37.2876675534,127.0046821614
737,청개구리화장실(밤밭청개구리공원),63.5,,경기도 수원시 장안구 율전동 124-1,37.3071725768,126.9710050853
738,율전화장실,103.98,경기도 수원시 장안구 서부로 2142,경기도 수원시 장안구 율전동 281-5,37.2992111745,126.9726523837
739,밤밭노인복지관,3304.61,경기도 수원시 장안구 상률로 53,경기도 수원시 장안구 율전동 40-1,37.3063567843,126.9721172618
740,율전경로당,167,경기도 수원시 장안구 서부로2106번길 26-16,경기도 수원시 장안구 율전동 498-11,37.2967916074,126.9717892129
741,해우재 공중화장실,115.35,경기도 수원시 장안구 장안로 463,경기도 수원시 장안구 이목동 184-6,37.3186593053,126.9779000172
742,해우재전시관,421.3,경기도 수원시 장안구 장안로458번길 9,경기도 수원시 장안구 이목동 186-3,37.3192278074,126.9780428055
743,지지대 쉼터화장실,58.32,,경기도 수원시 장안구 이목동 557,37.3262051572,126.9854501895
744,이화경로당,100,경기도 수원시 장안구 장안로478번길 55,경기도 수원시 장안구 이목동 68,37.3207107785,126.975030359
745,SK청솔노인복지관,3583,경기도 수원시 장안구 장안로 174,경기도 수원시 장안구 정자동 286 외 9필지,37.2989849031,126.9972964456
746,만석공원 테마화장실(맹꽁이화장실),100.19,,경기도 수원시 장안구 정자동 295-2,37.3002568916,126.9975358063
747,행복한집(아동복지시설),84.94,경기도 수원시 장안구 정자천로188번길 71-21,경기도 수원시 장안구 정자동 30-1 현대아파트 101동 908호,37.2941055446,126.9987505064
748,정자2동 행정복지센터,1375.6,경기도 수원시 장안구 송정로24번길 34,경기도 수원시 장안구 정자동 32-7,37.2950772063,127.0004477336
749,기로경로당,405,경기도 수원시 장안구 수성로245번길 68,경기도 수원시 장안구 정자동 43-4,37.2922886374,126.9975440841
750,수원시자원봉사센터,1076.63,경기도 수원시 장안구 영화로71번길 2,경기도 수원시 장안구 정자동 68-18,37.2930377452,127.0063393018
751,정자1동 동대본부 창고,27,경기도 수원시 장안구 정자로130번길 20,경기도 수원시 장안구 정자동 840-96,37.3022042537,126.991294671
752,정자1동경로당,451,경기도 수원시 장안구 정자로130번길 20,경기도 수원시 장안구 정자동 840-96,37.3022042537,126.991294671
753,권선어린이공원공중화장실,12,경기도 수원시 권선구 경수대로302번길 29,경기도 수원시 권선구 권선동 1185-2,37.2536222956,127.0223159483
754,권선 청소년 수련관,3191.5,경기도 수원시 권선구 덕영대로1201번길 42,경기도 수원시 권선구 권선동 1190,37.2511472914,127.0232674875
755,권선지명유래비 옆 전통정자,15.22,,경기도 수원시 권선구 권선동 1234-2,37.2518772852,127.0319176483
756,권선동 커뮤니티센터,235.28,경기도 수원시 권선구 권중로50번길 5,경기도 수원시 권선구 권선동 1252,37.2529817793,127.03120575
757,공원관리소(권선중앙공원),12,,경기도 수원시 권선구 권선동 1269,37.2518611712,127.0304797417
758,도토리화장실,11.57,,경기도 수원시 권선구 권선동 1269,37.2518611712,127.0304797417
759,수원사랑어린이집,503.28,경기도 수원시 권선구 세권로304번길 30-20,경기도 수원시 권선구 권선동 1293-2,37.251384498,127.0353201495
760,매산동 어울림센터,552.42,경기도 수원시 팔달구 매산로 13-4,경기도 수원시 팔달구 매산로1가 47-3,37.2676042472,127.0029300981
761,도시재생거점공간(모두다 지원센터),1389.23,경기도 수원시 팔달구 갓매산로25번길 60-8,경기도 수원시 팔달구 매산로2가 80-4,37.2670231822,127.0040843169
762,성인정신건강복지센터,2603.85,경기도 수원시 팔달구 매산로 89,경기도 수원시 팔달구 매산로3가 43-1,37.2704759309,127.0106824112
763,매산동 커뮤니티센터,430.72,경기도 수원시 팔달구 세류로83번길 36-11,경기도 수원시 팔달구 매산로3가 84-1,37.2676110258,127.0088738305
764,무형문화재전수회관,826.47,경기도 수원시 팔달구 수원천로 372,경기도 수원시 팔달구 매향동 117-1,37.2866953191,127.0180907954
765,남향동경로당,216.12,경기도 수원시 팔달구 창룡대로 43,경기도 수원시 팔달구 매향동 122-47,37.2829113694,127.0207771939
766,행궁동 환경관리원 쉼터,110,경기도 수원시 팔달구 창룡대로41번길 22,경기도 수원시 팔달구 매향동 20-2 외 5필지,37.2838249103,127.0193274408
767,연무대매표소,41.57,,경기도 수원시 팔달구 매향동 3-32연무정 c동,37.2878463565,127.024096516
768,팔달문화센터,1548.86,경기도 수원시 팔달구 수원천로 336,경기도 수원시 팔달구 매향동 91-1,37.2835698227,127.01866349
769,정자1동 행정복지센터 별관(경로당),2004.37,경기도 수원시 장안구 정자로130번길 20,경기도 수원시 장안구 정자동 840-96,37.3022042537,126.991294671
770,북수원도서관,4480.21,경기도 수원시 장안구 만석로 65,경기도 수원시 장안구 정자동 869-1,37.2976666278,126.9883578043
771,수롱이화장실(정자공원),116.2,경기도 수원시 장안구 만석로 65,경기도 수원시 장안구 정자동 869-1,37.2976666278,126.9883578043
772,정자공원 관리사무소,4596.47,경기도 수원시 장안구 만석로 65,경기도 수원시 장안구 정자동 869-1,37.2976666278,126.9883578043
773,정자3동 행정복지센터(신축청사),1688.79,경기도 수원시 장안구 대평로 85,경기도 수원시 장안구 정자동 879-4 5,37.2956927353,126.9925796203
774,천천화장실(천천3공원),117.7,경기도 수원시 장안구 정자천로 82,경기도 수원시 장안구 정자동 925,37.2912394986,126.9862238989
775,수원시 복합문화공간 111CM,3449.92,,경기도 수원시 장안구 정자동 948,37.2903491272,126.9887683807
776,대추골도서관,2692,경기도 수원시 장안구 수일로 164,경기도 수원시 장안구 조원동 198-14,37.3066018212,127.0080674188
777,조원1동 행정복지센터,1335.61,경기도 수원시 장안구 금당로 56,경기도 수원시 장안구 조원동 735,37.3017871266,127.0165050771
778,조원경로당,91,경기도 수원시 장안구 조원로111번길 33-23,경기도 수원시 장안구 조원동 758-4,37.3001549202,127.0141347332
779,수원시체육회관,6173.22,경기도 수원시 장안구 경수대로 893,경기도 수원시 장안구 조원동 775,37.2982494608,127.0089116361
780,통합주차관제실,67,경기도 수원시 장안구 경수대로 893,경기도 수원시 장안구 조원동 775,37.2982494608,127.0089116361
781,조원동 송원경로당,199.53,경기도 수원시 장안구 송정로138번길 7-9,경기도 수원시 장안구 조원동 778-13,37.2966603755,127.0126340255
782,수원시 장안구청,15188.31,경기도 수원시 장안구 송원로 101,경기도 수원시 장안구 조원동 888,37.3040061471,127.0103185495
783,장안구보건소,4287.8,경기도 수원시 장안구 송원로 101,경기도 수원시 장안구 조원동 888,37.3040061471,127.0103185495
784,점터경로당,67.34,경기도 수원시 장안구 정자천로13번길 19-6,경기도 수원시 장안구 천천동 361-2 201호,37.2897533661,126.9782464845
785,천천청소년문화의집,2057.66,경기도 수원시 장안구 정자로42번길 42,경기도 수원시 장안구 천천동 511-3,37.2988289906,126.9820426419
786,노동자종합복지관,4715.64,경기도 수원시 장안구 덕영대로 559,경기도 수원시 장안구 천천동 522,37.2949623997,126.9821255667
787,수원시립노인전문요양원,4762.56,경기도 수원시 장안구 수일로 33,경기도 수원시 장안구 파장동 199-2,37.3126501987,126.9952418357
788,파장동 행정복지센터,1995.5,경기도 수원시 장안구 파장천로 60,경기도 수원시 장안구 파장동 381,37.3103158829,126.9974241401
789,파장경로당,282,경기도 수원시 장안구 파장천로 51,경기도 수원시 장안구 파장동 507-9,37.3099867393,126.9963317018
790,수원시 지역자율방재단 사무실,315.24,경기도 수원시 장안구 이목로 76,경기도 수원시 장안구 파장동 555-12,37.311471721,126.9894830504
791,세일공영 주차장,1987.02,경기도 수원시 장안구 이목로74번길 42,경기도 수원시 장안구 파장동 561,37.3100078045,126.9907229962
792,파장동 방범기동순찰대 사무소,26.1,경기도 수원시 장안구 경수대로1073번길 11,경기도 수원시 장안구 파장동 584-6,37.3083937545,126.9947963379
793,주차장(영통공영주차장),10809.44,경기도 수원시 영통구 봉영로 1598,경기도 수원시 영통구 영통동 995-3,37.2533145737,127.073952531
794,HAPPY 해누리작업장(팩토리월드 내),381.19,경기도 수원시 영통구 삼성로 274,경기도 수원시 영통구 원천동 332-2수원팩토리월드 102호,37.2655925945,127.0643194229
795,세류1동 행정복지센터,307.46,경기도 수원시 권선구 세류로38번길 10,경기도 수원시 권선구 세류동 223-2,37.2621899095,127.0079729847
796,공신경로당,147.2,경기도 수원시 권선구 세류로11번길 6-1,경기도 수원시 권선구 세류동 249-12,37.2623034551,127.0049385386
797,유천경로당,182.9,경기도 수원시 권선구 권선로544번길 20,경기도 수원시 권선구 세류동 344-13,37.2622365754,127.0105327223
798,버드내경로당,113.89,경기도 수원시 권선구 수원천로 24,경기도 수원시 권선구 세류동 463-1,37.2573471817,127.0096058165
799,버드내공중화장실,45.64,경기도 수원시 권선구 권선로564번길 36,경기도 수원시 권선구 세류동 483,37.2611251141,127.0120511065
800,버드내노인복지관,7114.89,경기도 수원시 권선구 권선로564번길 36,경기도 수원시 권선구 세류동 483,37.2611251141,127.0120511065
801,행복경로당,199.4,경기도 수원시 권선구 세권로94번길 36-17,경기도 수원시 권선구 세류동 512-19,37.2564353751,127.0136375628
802,버드내어린이집,265.17,경기도 수원시 권선구 정조로 511,경기도 수원시 권선구 세류동 544-5,37.2548110522,127.0110092789
803,생활체육시설(게이트볼장),491,경기도 수원시 권선구 새터로47번길 86,경기도 수원시 권선구 세류동 638-1,37.2507353627,127.0084985194
804,골목상권 교류센터,445.37,경기도 수원시 권선구 덕영대로1126번길 52,경기도 수원시 권선구 세류동 975-13,37.2498976488,127.0130030352
805,미생물 배양실 배수시설,10,,경기도 수원시 권선구 오목천동 1111,37.2474309025,126.9597593232
806,오목천동장애인주간보호시설,697.97,경기도 수원시 권선구 서수원로 124,경기도 수원시 권선구 오목천동 197,37.2388792366,126.9722499597
807,농업기술센터청사,2409.23,경기도 수원시 권선구 온정로 45,경기도 수원시 권선구 오목천동 40,37.2501147879,126.9631508961
808,오목천동어린이집,447.03,경기도 수원시 권선구 서수원로169번길 53,경기도 수원시 권선구 오목천동 520-1,37.2437156989,126.9673229151
809,입북동 행정복지센터,1630.13,경기도 수원시 권선구 입북로 17,경기도 수원시 권선구 입북동 429-9,37.2932208912,126.9595390178
810,청산경로당,90.08,경기도 수원시 권선구 상탑로53번길 28-1,경기도 수원시 권선구 탑동 32-5,37.272900628,126.9769416189
811,골말경로당,304.16,경기도 수원시 권선구 상탑로21번길 35-9,경기도 수원시 권선구 탑동 779-2,37.2722685857,126.9726373393
812,수원시 권선구청,8454.93,경기도 수원시 권선구 호매실로 12,경기도 수원시 권선구 탑동 900,37.2576448884,126.9719386366
813,영통마을회관,221.55,경기도 수원시 영통구 신원로250번길 68-3,경기도 수원시 영통구 영통동 76-7,37.2572166848,127.0637925405
814,영통1동 행정복지센터,1762.72,경기도 수원시 영통구 봉영로1759번길 23,경기도 수원시 영통구 영통동 947-6,37.2663362928,127.0805559659
815,참새화장실,42.29,경기도 수원시 영통구 영통로 530,경기도 수원시 영통구 영통동 948-2,37.2663653791,127.07859337
816,공원관리소(영통중앙공원),44.04,경기도 수원시 영통구 청명로 151,경기도 수원시 영통구 영통동 961-1,37.2571566298,127.0720363605
817,영통구보건소,5746.71,경기도 수원시 영통구 영통로 396,경기도 수원시 영통구 영통동 961-18,37.2568958654,127.0697260621
818,장안구 노인회지회,922.92,경기도 수원시 장안구 수성로340번길 30,경기도 수원시 장안구 영화동 352,37.2913219864,127.0099269237
819,영화어린이집,355.76,경기도 수원시 장안구 수원천로 441,경기도 수원시 장안구 영화동 380-69,37.2918556745,127.0213973954
820,동부경로당,98,경기도 수원시 장안구 수원천로 445,경기도 수원시 장안구 영화동 380-93,37.2920734618,127.0217570453
821,영화서부경로당,191.73,경기도 수원시 장안구 영화로38번길 4,경기도 수원시 장안구 영화동 415-9,37.2903265568,127.0089857002
822,조원2동 행정복지센터(노인정포함),1634.83,경기도 수원시 장안구 송원로 109-50,경기도 수원시 장안구 조원동 877,37.3056169714,127.0096761895
823,장안종합구민회관,14806.46,경기도 수원시 장안구 송원로 101,경기도 수원시 장안구 조원동 888,37.3040061471,127.0103185495
824,수원북부순환로 조원영업소,74.71,경기도 수원시 장안구 수원북부순환로 266,경기도 수원시 장안구 조원동 산 3-7,37.3116740291,127.016182211
825,일월공공도서관,3903,경기도 수원시 장안구 일월천로 77,경기도 수원시 장안구 천천동 453-1,37.2868939606,126.9777924103
826,꽃뫼화장실,117.7,경기도 수원시 장안구 만석로5번길 21,경기도 수원시 장안구 천천동 520,37.2957636728,126.9819057023
827,상수도 자재창고,620,경기도 수원시 장안구 경수대로1220번길 30-97,경기도 수원시 장안구 파장동 16,37.3240323737,126.9925922924
828,북부버스차고지,1998.3,경기도 수원시 장안구 경수대로1220번길 46,경기도 수원시 장안구 파장동 23-5,37.3213151927,126.9895631982
829,어린이생태미술체험관,163.35,경기도 수원시 장안구 경수대로 1274,경기도 수원시 장안구 파장동 39-35,37.3245962203,126.9874754816
830,지지대화장실(효행공원),47.65,경기도 수원시 장안구 경수대로 1274,경기도 수원시 장안구 파장동 540-1,37.3245962203,126.9874754816
831,세일경로당,247.42,경기도 수원시 장안구 이목로74번길 42,경기도 수원시 장안구 파장동 561,37.3100078045,126.9907229962
832,노송경로당,131.7,경기도 수원시 장안구 경수대로1073번길 11,경기도 수원시 장안구 파장동 584-6,37.3083937545,126.9947963379
833,파장문화복지센터,861.24,경기도 수원시 장안구 경수대로1073번길 11,경기도 수원시 장안구 파장동 584-6,37.3083937545,126.9947963379
834,탑골택시쉼터,244.7,경기도 수원시 권선구 호매실로 46,경기도 수원시 권선구 탑동 905,37.256105382,126.968329536
835,화성경로당,137,경기도 수원시 장안구 영화로7번길 22,경기도 수원시 장안구 영화동 440-7,37.2876589821,127.0091158496
836,세류동 세정경로당,166.32,경기도 수원시 권선구 정조로413번길 38,경기도 수원시 권선구 세류동 1143-1,37.2475711339,127.0127812216
837,시립 세곡 어린이집,1509.29,경기도 수원시 권선구 세류로 16,경기도 수원시 권선구 세류동 1274,37.2617999611,127.0052463307
838,권선구보건소,2496,경기도 수원시 권선구 호매실로 22-50,경기도 수원시 권선구 탑동 910,37.2587409803,126.9711303055
839,아주(아)경로당,188.88,,경기도 수원시 영통구 원천동 71-1,37.2747218906,127.0470203135
840,수원역사박물관,7118.49,경기도 수원시 영통구 창룡대로 265,경기도 수원시 영통구 이의동 1088-10,37.2976452252,127.0356337197
841,근린공원1호 관리동,236.04,,경기도 수원시 영통구 이의동 1183,37.3050204465,127.0430584554
842,열림일림가압장,299.35,경기도 수원시 영통구 웰빙타운로 63,경기도 수원시 영통구 이의동 1206,37.3050972907,127.044255359
843,수원도시안전통합센터,4542.35,경기도 수원시 영통구 대학4로 33,경기도 수원시 영통구 이의동 1246-1,37.2993252218,127.0481590979
844,광교종합사회복지관,4923.7,경기도 수원시 영통구 대학2로 41,경기도 수원시 영통구 이의동 1259-4,37.299346481,127.0466470126
845,연암배수지관리사-저지배수지,455.98,경기도 수원시 영통구 광교로 85,경기도 수원시 영통구 이의동 1291,37.2898978966,127.0416419855
846,수원시광교장애인주간보호시설,2580.99,경기도 수원시 영통구 센트럴타운로 22,경기도 수원시 영통구 이의동 1328-1,37.2896946978,127.0567231946
847,광교1동 행정복지센터,2957,경기도 수원시 영통구 도청로89번길 20,경기도 수원시 영통구 이의동 1350,37.2901821843,127.047390201
848,광교체육센터,2986.72,경기도 수원시 영통구 혜령로 12,경기도 수원시 영통구 이의동 1368,37.2839953539,127.0512627886
849,광교 씨름체육관,2251,경기도 수원시 영통구 광교산로 154-42,경기도 수원시 영통구 이의동 산 94-6,37.298013901,127.0331153297
850,동부버스차고지 CNG충전소 사무동,76.35,경기도 수원시 영통구 광교호수로 250,경기도 수원시 영통구 하동 1007-1,37.2865199541,127.0784245966
851,동부버스차고지 정비동,818.6,경기도 수원시 영통구 광교호수로 250,경기도 수원시 영통구 하동 1007-1,37.2865199541,127.0784245966
852,근린공원6호 관리동(공중화장실),356.37,경기도 수원시 영통구 광교중앙로 216,경기도 수원시 영통구 하동 1012,37.2907673591,127.0640050694
853,수원컨벤션센터,97616.36,경기도 수원시 영통구 광교중앙로 140,경기도 수원시 영통구 하동 1017 외3필지,37.2858741001,127.0594869532
854,자원순환센터 가로모래적치동,296,경기도 수원시 영통구 광교호수로 278-1,경기도 수원시 영통구 하동 17-3,37.2892427709,127.0862615208
855,자원순환센터 관리동,504,경기도 수원시 영통구 광교호수로 278-1,경기도 수원시 영통구 하동 17-3,37.2892427709,127.0862615208
856,자원순환센터 대형폐기물처리동,1181,경기도 수원시 영통구 광교호수로 278-1,경기도 수원시 영통구 하동 17-3,37.2892427709,127.0862615208
857,자원순환센터 선별처리동,6001,경기도 수원시 영통구 광교호수로 278-1,경기도 수원시 영통구 하동 17-3,37.2892427709,127.0862615208
858,시립호매실어린이집,1089.94,경기도 수원시 권선구 서수원로 431,경기도 수원시 권선구 호매실동 1378,37.2649212818,126.9624029558
859,수원시장애인복지센터,2011.28,경기도 수원시 권선구 호매실로 211,경기도 수원시 권선구 호매실동 1385,37.2631644611,126.956675029
860,수원서부차고지 사무동,2193.51,경기도 수원시 권선구 온정로 107,경기도 수원시 권선구 호매실동 1407,37.2548107963,126.9630950214
861,노림경로당,114.05,경기도 수원시 권선구 매실로 47-19,경기도 수원시 권선구 호매실동 395-34,37.2685432088,126.9561175665
862,자목경로당,242.75,경기도 수원시 권선구 칠보로88번길 90,경기도 수원시 권선구 호매실동 647-4,37.2637876088,126.9452685777
863,칠보산편익시설(칠보맷돌화장실),165,경기도 수원시 권선구 칠보로88번길 222,경기도 수원시 권선구 호매실동 905-13,37.2617125643,126.9391375032
864,태장마루도서관,3969.84,경기도 수원시 영통구 태장로 46,경기도 수원시 영통구 망포동 234-44,37.2386994015,127.0510466479
865,실버공원화장실,53.02,경기도 수원시 영통구 동탄지성로 520,경기도 수원시 영통구 망포동 755,37.2388256192,127.0463219917
866,주막거리경로당,130.44,경기도 수원시 영통구 매여울로68번길 23,경기도 수원시 영통구 매탄동 101-16,37.2730196103,127.0450227905
867,효원경로당,135.6,경기도 수원시 영통구 매탄로65번길 17,경기도 수원시 영통구 매탄동 1166-2,37.2570472609,127.0404502121
868,먼내화장실,27,경기도 수원시 영통구 동탄원천로1109번길 61,경기도 수원시 영통구 매탄동 1210,37.2696324154,127.055047499
869,매여울도서관,3913.92,,경기도 수원시 영통구 매탄동 1268,37.259612704,127.0465469437
870,매탄3동 행정복지센터,1746.16,경기도 수원시 영통구 동탄원천로881번길 76,경기도 수원시 영통구 매탄동 1279-1,37.2564445818,127.0431039365
871,매탄화장실,62.41,경기도 수원시 영통구 동탄원천로915번길 36,경기도 수원시 영통구 매탄동 1338,37.2570151441,127.0437996614
872,미화원대기실,42,경기도 수원시 영통구 매여울로53번길 2,경기도 수원시 영통구 매탄동 140-49,37.272917596,127.0442789691
873,매탄1동 행정복지센터,753.28,경기도 수원시 영통구 인계로189번길 119,경기도 수원시 영통구 매탄동 176-4,37.2704963694,127.0405263897
874,매탄2동 행정복지센터,1528.08,경기도 수원시 영통구 매영로39번길 21,경기도 수원시 영통구 매탄동 198-99,37.270153395,127.0474311668
875,교류공무원 숙소,75.6,경기도 수원시 영통구 매영로 10,경기도 수원시 영통구 매탄동 810-32동 1308호,37.2696188745,127.0443778028
876,매여울화장실,31.73,경기도 수원시 영통구 매탄로 185,경기도 수원시 영통구 매탄동 811,37.2687315427,127.0456914785
877,상광교경로당,198,경기도 수원시 장안구 광교산로 541,경기도 수원시 장안구 상광교동 100,37.3302098177,127.0147878438
878,성균관대역 환승주차장,5337.92,경기도 수원시 장안구 화산로 242,경기도 수원시 장안구 율전동 301-1,37.3000841268,126.9703219197
879,율천동밤밭문화센터,2172.83,경기도 수원시 장안구 서부로2106번길 35,경기도 수원시 장안구 율전동 433-147,37.2978450897,126.9715336199
880,율전동 행정복지센터,978.36,경기도 수원시 장안구 서부로2106번길 27,경기도 수원시 장안구 율전동 433-2,37.2976192461,126.9714223702
881,수원시양궁장,768,경기도 수원시 장안구 서부로 2229,경기도 수원시 장안구 율전동 산 19,37.3095064173,126.9717260332
882,해우재 문화센터,997.6,경기도 수원시 장안구 장안로 463,경기도 수원시 장안구 이목동 184-6,37.3186593053,126.9779000172
883,지지대공원 내 휴게실,306,경기도 수원시 장안구 경수대로 1283,경기도 수원시 장안구 이목동 563,37.3250673297,126.9859485251
884,이목경로당,492,경기도 수원시 장안구 장안로398번길 13,경기도 수원시 장안구 이목동 743,37.3157322396,126.984623962
885,수원민예총  아마추어예술단체연습실,328.56,경기도 수원시 장안구 정조로 989,경기도 수원시 장안구 정자동 1-7,37.2951225682,127.0091350511
886,장안청소년문화의집,835.5,경기도 수원시 장안구 수성로275번길 114,경기도 수원시 장안구 정자동 28-7,37.2949279822,126.9992640485
887,수원시육아종합지원센터,1122,경기도 수원시 장안구 송정로24번길 47,경기도 수원시 장안구 정자동 32-5,37.2947741685,127.0012620822
888,정자2동경로당,138,경기도 수원시 장안구 송정로60번길 10-23,경기도 수원시 장안구 정자동 35-22,37.2955278081,127.0025658975
889,정자동장애인주간보호시설,1439,경기도 수원시 장안구 수성로245번길 86,경기도 수원시 장안구 정자동 43-17,37.2924688143,126.9975203214
890,시립정자1동어린이집,664.98,경기도 수원시 장안구 장안로309번길 27,경기도 수원시 장안구 정자동 546-19,37.307467589,126.9890248917
891,정자시장 고객센터,249.09,경기도 수원시 장안구 장안로89번길 47,경기도 수원시 장안구 정자동 74-1,37.290936658,126.9996966537
892,정자1동 행정복지센터,1472.89,경기도 수원시 장안구 정자로130번길 20,경기도 수원시 장안구 정자동 840-96,37.3022042537,126.991294671
893,수원시자원회수시설 부경비동,10.57,경기도 수원시 영통구 영통로 383,경기도 수원시 영통구 영통동 962-3,37.2585654463,127.0677994429
894,수원시자원회수시설 연결통로,74.28,경기도 수원시 영통구 영통로 383,경기도 수원시 영통구 영통동 962-3,37.2585654463,127.0677994429
895,수원시자원회수시설 관리동,1434.34,경기도 수원시 영통구 영통로 383,경기도 수원시 영통구 영통동 962-3,37.2585654463,127.0677994429
896,수원체육문화센터,7181.37,경기도 수원시 영통구 영통로 383,경기도 수원시 영통구 영통동 962-3,37.2585654463,127.0677994429
897,달맞이화장실,42.29,경기도 수원시 영통구 덕영대로1555번길 60,경기도 수원시 영통구 영통동 969-2,37.2486734317,127.0618910939
898,영통2동 문화센터,1620.31,경기도 수원시 영통구 영통로217번길 18,경기도 수원시 영통구 영통동 977-2,37.2469387632,127.0559815224
899,교통공원 화장실,31.98,경기도 수원시 영통구 덕영대로 1570,경기도 수원시 영통구 영통동 981-4,37.2454045935,127.062766935
900,살구골공원 화장실,40.14,경기도 수원시 영통구 매영로 366,경기도 수원시 영통구 영통동 989-3,37.2492538147,127.0727125052
901,다슬기화장실,107.57,경기도 수원시 장안구 광교산로 597,경기도 수원시 장안구 상광교동 38-3,37.3345642091,127.0171642924
902,수원함양림 산림문화공간(문화향수의 집),264.32,경기도 수원시 장안구 광교산로 602-37,경기도 수원시 장안구 상광교동 51,37.336109998,127.0182494071
903,송죽동 솔대경로당,275,경기도 수원시 장안구 수일로118번길 23,경기도 수원시 장안구 송죽동 123-5,37.3078235365,127.0027557361
904,공원관리소,113.58,경기도 수원시 장안구 만석로 162,경기도 수원시 장안구 송죽동 283-2,37.3015218494,126.9982499474
905,제2야외음악당,667.66,경기도 수원시 장안구 정조로 1087,경기도 수원시 장안구 송죽동 305-1,37.3017923784,127.0025472073
906,미술전시관,1409.22,경기도 수원시 장안구 송정로 19,경기도 수원시 장안구 송죽동 409-2,37.2970380315,126.9994531538
907,게이트볼 휴게시설,21,,경기도 수원시 장안구 송죽동 434,,
908,만석공원경로당,155,경기도 수원시 장안구 정조로1088번길 6-6,경기도 수원시 장안구 송죽동 457,37.3022283972,127.0033454767
909,연무경로당,1011.33,경기도 수원시 장안구 경수대로 757,경기도 수원시 장안구 연무동 181-1,37.2905582533,127.0215409972
910,연무동 공영주차장,7044.33,,경기도 수원시 장안구 연무동 193,,
911,연무동 유천경로당,85.44,경기도 수원시 장안구 연무로56번길 46-4,경기도 수원시 장안구 연무동 216-1,37.2973499646,127.0270830476
912,창용경로당,195,경기도 수원시 장안구 창훈로29번길 74,경기도 수원시 장안구 연무동 217-28,37.2964390429,127.0269533565
913,연무시장 고객지원센터,373.08,경기도 수원시 장안구 연무로13번길 66,경기도 수원시 장안구 연무동 234-10,37.2948404641,127.0261735856
914,연무동 공영주차장,2676.65,경기도 수원시 장안구 월드컵로 422,경기도 수원시 장안구 연무동 249-5,37.2935882862,127.0263619576
915,연무동 세대통합어울림센터,331.16,경기도 수원시 장안구 경수대로754번길 59,경기도 수원시 장안구 연무동 252-14,37.2931367486,127.0239052399
916,연무사회복지관,882.9,경기도 수원시 장안구 창룡대로151번길 8,경기도 수원시 장안구 연무동 260-34,37.2917686522,127.0266554182
917,영화동 벽산아파트 경로당,16369.49,경기도 수원시 장안구 수성로402번길 45-2,경기도 수원시 장안구 영화동 101-7 101동 104호,37.2932915315,127.017608711
918,화성어차 운전원 사무실,18,경기도 수원시 장안구 팔달로 280,경기도 수원시 장안구 영화동 153-12,37.2898591074,127.015859377
919,신동수변공원 화장실,39.6,경기도 수원시 영통구 덕영대로1373번길 66,경기도 수원시 영통구 신동 942,37.2474113823,127.0404636321
920,영통종합사회복지관,15042.43,경기도 수원시 영통구 반달로 45,경기도 수원시 영통구 영통동 1012-5,37.2506946278,127.0773388139
921,신성경로당,192.99,경기도 수원시 영통구 청명로59번길 7-16,경기도 수원시 영통구 영통동 1031,37.2517590318,127.0800842564
922,수원SK아트리움,14997.84,경기도 수원시 장안구 이목로 24-25,경기도 수원시 장안구 정자동 947,37.3095835142,126.9864037899
923,수원시 환경성질환 아토피센터,2569.44,경기도 수원시 장안구 수일로233번길 144,경기도 수원시 장안구 조원동 10,37.3073060876,127.0215477424
924,조원1동 미화원막사,130,경기도 수원시 장안구 금당로38번길 58,경기도 수원시 장안구 조원동 733-4,37.3015961338,127.0160888069
925,보훈어린이집,1446.91,경기도 수원시 장안구 송정로187번길 83,경기도 수원시 장안구 조원동 756-1,37.3014305917,127.0130884388
926,수원시종합운동장,47371.24,경기도 수원시 장안구 경수대로 893,경기도 수원시 장안구 조원동 775,37.2982494608,127.0089116361
927,수원야구장,6924,경기도 수원시 장안구 경수대로 893,경기도 수원시 장안구 조원동 775,37.2982494608,127.0089116361
928,국민체육센터,5425,경기도 수원시 장안구 경수대로 893,경기도 수원시 장안구 조원동 775,37.2982494608,127.0089116361
929,종합운동장 인조잔디구장 화장실 및 쉼터,107.64,경기도 수원시 장안구 경수대로 893,경기도 수원시 장안구 조원동 775,37.2982494608,127.0089116361
