,학교명,학교급구분,소재지지번주소,소재지도로명주소,위도,경도
0,청목초등학교,초등학교,경기도 화성시 청계동 539,경기도 화성시 동탄순환대로21길 10,37.195771,127.1174309
1,화성청계초등학교,초등학교,경기도 화성시 청계동 518,경기도 화성시 동탄대로시범길 39,37.199192,127.1021055
2,화성반월고등학교,고등학교,경기도 화성시 반월동 945,경기도 화성시 효행로 1281-66,37.224712,127.0550943
3,무봉초등학교,초등학교,경기도 화성시 청계동 549,경기도 화성시 동탄청계로 303-34,37.202987,127.116806
4,함박초등학교,초등학교,경기도 용인시 처인구 역북동 737,경기도 용인시 처인구 명지로40번길 46,37.23373509,127.1841126
5,용인대일초등학교,초등학교,경기도 용인시 수지구 죽전동 1247,경기도 용인시 수지구 푸른솔로 98,37.32801071,127.1189891
6,효행초등학교,초등학교,경기도 화성시 봉담읍 와우리 592,경기도 화성시 봉담읍 와우로 16,37.21596526,126.968207
7,한백중학교,중학교,경기도 화성시 영천동 698,경기도 화성시 동탄순환대로26길 26,37.20656172,127.1141301
8,동탄중앙초등학교,초등학교,경기도 화성시 청계동 529,경기도 화성시 동탄대로시범길 117,37.19928404,127.1112669
9,동탄중앙고등학교,고등학교,경기도 화성시 청계동 531,경기도 화성시 동탄대로시범길 167,37.20125793,127.110424
10,용인한얼초등학교,초등학교,경기도 용인시 기흥구 구갈동 43-24,경기도 용인시 기흥구 기흥역로58번길 57,37.270879,127.1222004
11,망포초등학교,초등학교,경기도 수원시 영통구 망포동 750,경기도 수원시 영통구 망포로 126,37.24065005,127.0470226
12,화성신동초등학교,초등학교,경기도 화성시 동탄면 신리 산186-1,경기도 화성시 동탄신동1길 11,37.17490244,127.1310568
13,용인삼계고등학교,고등학교,경기도 용인시 처인구 포곡읍 삼계리 673,경기도 용인시 처인구 포곡읍 백옥대로1898번길 34-42,37.29465951,127.2406099
14,한숲중학교,중학교,경기도 용인시 처인구 남사면 완장리 950,경기도 용인시 처인구 남사읍 한숲로 109,37.157852,127.1730187
15,상현중학교,중학교,경기도 용인시 수지구 상현동 1098,경기도 용인시 수지구 광교마을로 61,37.29949159,127.0709899
16,방교초등학교,초등학교,경기도 화성시 송동 산49-5,경기도 화성시 동탄산척로1길 11,37.17326405,127.1015231
17,화성반월초등학교,초등학교,경기도 화성시 반월동 947,경기도 화성시 효행로 1281-23,37.22359053,127.059231
18,화원초등학교,초등학교,경기도 화성시 향남읍 하길리 1506,경기도 화성시 향남읍 하길로 59,37.11170675,126.9190641
19,하길중학교,중학교,경기도 화성시 향남읍 하길리 1510,경기도 화성시 향남읍 상신하길로274번길 10,37.11225847,126.908846
20,한백고등학교,고등학교,경기도 화성시 영천동 696,경기도 화성시 동탄순환대로26길 21,37.20763155,127.1133605
21,한봄고등학교,고등학교,경기도 수원시 권선구 탑동 614,경기도 수원시 권선구 호매실로 46-93,37.25945904,126.9693453
22,남곡초등학교,초등학교,경기도 용인시 처인구 남사면 완장리 953,경기도 용인시 처인구 남사읍 한숲로 110,37.157782,127.174721
23,서연초등학교,초등학교,경기도 화성시 장지동 82-1,경기도 화성시 동탄대로4가길 25,37.15976339,127.1137726
24,방교중학교,중학교,경기도 화성시 송동 681-177,경기도 화성시 동탄산척로1길 23,37.174746,127.1014114
25,청림중학교,중학교,경기도 화성시 산척동 산127-1,경기도 화성시 동탄산척로 94,37.17164271,127.111351
26,상신초등학교,초등학교,경기도 화성시 향남읍 상신리 1325,경기도 화성시 향남읍 손개길 7,37.09909078,126.898383
27,다원중학교,중학교,경기도 화성시 영천동 산17-19,경기도 화성시 동탄순환대로 754-12,37.21050721,127.1048231
28,동탄초등학교,초등학교,경기도 화성시 오산동 663-2,경기도 화성시 동탄감배산로 26,37.18903472,127.0911507
29,창의고등학교,고등학교,경기도 화성시 목동 350,경기도 화성시 동탄신리천로1길 66,37.18003972,127.120726
30,하길초등학교,초등학교,경기도 화성시 향남읍 하길리 1514,경기도 화성시 향남읍 상신하길로 273번길 45,37.11560646,126.9040759
31,세미초등학교,초등학교,경기도 오산시 내삼미동 896,경기도 오산시 내삼미로 127,37.17448251,127.0643873
32,샘말초등학교,초등학교,경기도 용인시 기흥구 영덕동 962,경기도 용인시 기흥구 흥덕중앙로105번길 9,37.27733692,127.0781839
33,동탄목동초등학교,초등학교,경기도 화성시 목동 136-1,경기도 화성시 동탄순환대로20길 10,37.18938961,127.1243164
34,청덕중학교,중학교,경기도 용인시 기흥구 청덕동 523,경기도 용인시 기흥구 구성1로 23,37.29318256,127.1451614
35,삼가초등학교,초등학교,경기도 용인시 처인구 삼가동 555,경기도 용인시 처인구 중부대로1158번길 45,37.23671162,127.170492
36,용인성산초등학교,초등학교,경기도 용인시 처인구 유방동 317-1,경기도 용인시 처인구 백옥대로1362번길 41,37.25866039,127.2158043
37,청계중학교,중학교,경기도 화성시 청계동 517,경기도 화성시 동탄대로시범길 47,37.19945672,127.1031575
38,수원가온초등학교,초등학교,경기도 수원시 권선구 금곡동 1079,경기도 수원시 권선구 금곡로73번길 36,37.27549141,126.9364215
39,다원초등학교,초등학교,경기도 화성시 영천동 651-1381,경기도 화성시 동탄대로24길 112,37.212418,127.1109577
40,곡정고등학교,고등학교,경기도 수원시 권선구 권선동 1338,경기도 수원시 권선구 덕영대로 1190번길 130,37.24384332,127.0201503
41,예솔초등학교,초등학교,경기도 화성시 청계동 553,경기도 화성시 동탄순환대로22길 13,37.19655044,127.1193973
42,세마초등학교,초등학교,경기도 오산시 지곶동 578,경기도 오산시 세마문학로 45,37.1696802,127.0275815
43,정현고등학교,고등학교,경기도 화성시 산척동 산 133-1,경기도 화성시 동탄산척로 93-10,37.17352234,127.1114038
44,수원칠보고등학교,고등학교,경기도 수원시 권선구 금곡동 1073,경기도 수원시 권선구 금곡로 127,37.27513582,126.944923
45,청림초등학교,초등학교,경기도 화성시 산척동 704,경기도 화성시 동탄산척로 93-22,37.17458716,127.1113568
46,수원금호초등학교,초등학교,경기도 수원시 권선구 호매실동 1364,경기도 수원시 권선구 칠보로 142,37.26487765,126.9536054
47,삼미초등학교,초등학교,경기도 오산시 외삼미동 290-3,경기도 오산시 북삼미로 183-9,37.19135584,127.0602681
48,청곡초등학교,초등학교,경기도 용인시 기흥구 영덕동 20,경기도 용인시 기흥구 덕영대로2077번길 52,37.2674933,127.0933821
49,동백초등학교,초등학교,경기도 용인시 기흥구 동백동 658,경기도 용인시 기흥구 동백평촌로 69,37.28055206,127.156367
50,새솔고등학교,고등학교,경기도 화성시 송산면 새솔동 157,경기도 화성시 큰나래3길 25,37.27338862,126.8293429
51,홍익디자인고등학교,고등학교,경기도 화성시 기안동 460-132,경기도 화성시 효행로 387,37.2167924,126.9796299
52,왕배초등학교,초등학교,경기도 화성시 목동 444-1,경기도 화성시 동탄대로12길 101,37.18014215,127.113595
53,늘봄초등학교,초등학교,경기도 화성시 영천동 37-13,경기도 화성시 동탄대로24길 51,37.21736028,127.1098102
54,능원초등학교,초등학교,경기도 용인시 처인구 모현읍 능원리 57,경기도 용인시 처인구 모현읍 충렬로8번길 29,37.34319393,127.173826
55,광교호수초등학교,초등학교,경기도 수원시 영통구 원천동 589-1,경기도 수원시 영통구 광교호수공원로 205,37.2796927,127.058827
56,이산고등학교,고등학교,경기도 화성시 오산동 598-3,경기도 화성시 동탄기흥로353번길 61,37.190969,127.0872534
57,송린중학교,중학교,경기도 화성시 새솔동 0,경기도 화성시 수노을2로 148,37.27681304,126.822267
58,글빛초등학교,초등학교,경기도 수원시 영통구 망포동 92-43,경기도 수원시 영통구 망포로84번길 15,37.23954453,127.043334
59,동탄목동중학교,중학교,경기도 화성시 목동 산35,경기도 화성시 동탄순환대로20길 52,37.18861063,127.126423
60,동학초등학교,초등학교,경기도 화성시 반월동 165-2,경기도 화성시 영통로27번길 46,37.23308253,127.059473
61,봉담중학교,중학교,경기도 화성시 봉담읍 상리 11-40,경기도 화성시 봉담읍 샘마을길 53,37.21655105,126.9533521
62,영천초등학교,초등학교,경기도 화성시 영천동 671,경기도 화성시 동탄영천로 36,37.205708,127.1045574
63,매홀고등학교,고등학교,경기도 오산시 수청동 632,경기도 오산시 내삼미로80번길 9-10,37.16945751,127.0688500329
64,청덕초등학교,초등학교,경기도 용인시 기흥구 청덕동 507,경기도 용인시 기흥구 구성1로 61,37.29439648,127.1492572
65,서농초등학교,초등학교,경기도 용인시 기흥구 서천동 794,경기도 용인시 기흥구 서천동로21번길 5,37.23913932,127.0763291
66,아인초등학교,초등학교,경기도 화성시 청계동 515,경기도 화성시 동탄대로시범길 219,37.200839,127.1052936
67,새솔초등학교,초등학교,경기도 화성시 새솔동 12,경기도 화성시 수노을1로 123,37.2890807,126.8190155
68,송린초등학교,초등학교,경기도 화성시 새솔동 0,경기도 화성시 수노을1로 253,37.27823129,126.8241504
69,정현초등학교,초등학교,경기도 화성시 산척동 산126,경기도 화성시 동탄산척로 122,37.17144705,127.113271
70,한율초등학교,초등학교,경기도 화성시 목동 222-1,경기도 화성시 동탄순환대로 429-10,37.18641561,127.1226079
71,화성반월중학교,중학교,경기도 화성시 반월동 946,경기도 화성시 효행로 1281-76,37.22388567,127.0542861
72,하길고등학교,고등학교,경기도 화성시 향남읍 하길리 1509,경기도 화성시 향남읍 상신하길로274번길 22,37.1118639,126.9105458
73,권선중학교,중학교,경기도 수원시 권선구 세류동 1130-1,경기도 수원시 권선구 경수대로 239,37.24884036,127.017105
74,송라초등학교,초등학교,경기도 화성시 매송면 송라리 585,경기도 화성시 매송면 푸른들판로 1970-16,37.27306194,126.8886245
75,입북초등학교,초등학교,경기도 수원시 권선구 입북동 230-3,경기도 수원시 권선구 율전로 10,37.29451623,126.9601632
76,운산초등학교,초등학교,경기도 오산시 오산동 923-1,경기도 오산시 운암로 72,37.152617,127.077532
77,오산중학교,중학교,경기도 오산시 청학동 17,경기도 오산시 청학로 43,37.15430591,127.0626056
78,수원중촌초등학교,초등학교,경기도 수원시 권선구 금곡동 1094,경기도 수원시 권선구 금곡로 140번길 30,37.27255378,126.9445494
79,어정중학교,중학교,경기도 용인시 기흥구 중동 1103,경기도 용인시 기흥구 동백죽전대로527번길 83,37.28072654,127.1451478
80,광교중학교,중학교,경기도 수원시 영통구 이의동 1207,경기도 수원시 영통구 웰빙타운로 55,37.30452503,127.044661
81,이산중학교,중학교,경기도 화성시 오산동 605-2,경기도 화성시 동탄감배산로 51,37.19116497,127.0891727
82,치동초등학교,초등학교,경기도 화성시 영천동 321-35,경기도 화성시 동탄순환대로 881-34,37.20655283,127.0915676
83,중일초등학교,초등학교,경기도 용인시 기흥구 중동 1098,경기도 용인시 기흥구 동백죽전대로527번길 36,37.285608,127.1432335
84,서평초등학교,초등학교,경기도 수원시 권선구 서둔동 294-3,경기도 수원시 권선구 수인로9번길 52,37.26867712,126.9970853
85,탑동초등학교,초등학교,경기도 수원시 권선구 탑동 755,경기도 수원시 권선구 탑동로 55,37.273515,126.9728696
86,한울초등학교,초등학교,경기도 화성시 향남읍 행정리 442,경기도 화성시 향남읍 행정중앙1로 25,37.12696147,126.9178538
87,안룡초등학교,초등학교,경기도 수원시 권선구 곡반정동 606,경기도 수원시 권선구 곡반정로33번길 21,37.23332545,127.0247048
88,수원고등학교,고등학교,경기도 수원시 팔달구 매교동 283-29,경기도 수원시 팔달구 정조로 666-10,37.26713365,127.0174147
89,세담초등학교,초등학교,경기도 오산시 궐동 529,경기도 오산시 죽담2로 8,37.16466234,127.0490836
90,고진중학교,중학교,경기도 용인시 처인구 고림동 635-15,경기도 용인시 처인구 고림로 165-2,37.24776317,127.217432
91,수원북중학교,중학교,경기도 수원시 장안구 영화동 22,경기도 수원시 장안구 광교산로 37,37.29541111,127.021034
92,석우초등학교,초등학교,경기도 화성시 반송동 20,경기도 화성시 동탄시범한빛길 32,37.20927868,127.0681992
93,당수초등학교,초등학교,경기도 수원시 권선구 당수동 244-3,경기도 수원시 권선구 당진로 6,37.289691,126.9415403
94,새빛초등학교,초등학교,경기도 용인시 수지구 상현동 1126,경기도 용인시 수지구 광교마을로 63,37.298898,127.072624
95,수성중학교,중학교,경기도 수원시 장안구 조원동 672,경기도 수원시 장안구 수성로363번길 2,37.29479929,127.012183
96,서천고등학교,고등학교,경기도 용인시 기흥구 농서동 401,경기도 용인시 기흥구 서천서로 126,37.23410552,127.069476
97,고림고등학교,고등학교,경기도 용인시 처인구 고림동 650-1,경기도 용인시 처인구 고림로165,37.24717747,127.2195504
98,한백초등학교,초등학교,경기도 화성시 영천동 715,경기도 화성시 동탄순환대로26길 37,37.208363,127.114718
99,용천초등학교,초등학교,경기도 용인시 처인구 이동읍 천리 242-2,경기도 용인시 처인구 이동면 백옥대로 612,37.19185075,127.2084179
100,대양초등학교,초등학교,경기도 화성시 남양읍 남양리 2311,경기도 화성시 남양읍 시청로32번길 80,37.20031947,126.8217315
101,청덕고등학교,고등학교,경기도 용인시 기흥구 청덕동 524,경기도 용인시 기흥구 구성1로 21,37.29233368,127.143917
102,발안바이오과학고등학교,고등학교,경기도 화성시 향남읍 평리 62-1,경기도 화성시 향남읍 발안로 71,37.13293438,126.9170045
103,칠보중학교,중학교,경기도 수원시 권선구 금곡동 1093,경기도 수원시 권선구 금곡로 126,37.27362167,126.9444852
104,동학중학교,중학교,경기도 화성시 반월동 184-8,경기도 화성시 영통로27번길 60,37.23298711,127.0581592
105,수원동신초등학교,초등학교,경기도 수원시 장안구 정자동 870-3,경기도 수원시 장안구 만석로68번길 46,37.29567288,126.9891755
106,동우여자고등학교,고등학교,경기도 수원시 장안구 이목동 241-9,경기도 수원시 장안구 장안로 426-1,37.31981901,126.9824035
107,성서중학교,중학교,경기도 용인시 수지구 성복동 769,경기도 용인시 수지구 성복1로 137,37.31498196,127.0640834
108,오산초등학교,초등학교,경기도 오산시 가수동 76,경기도 오산시 가수로 16,37.14515751,127.0501638
109,처인고등학교,고등학교,경기도 용인시 처인구 남사읍 아곡리 706,경기도 용인시 처인구 남사읍 한숲로 32,37.15100139,127.170645
110,향남중학교,중학교,경기도 화성시 향남읍 행정리 481,경기도 화성시 향남읍 행정동로 50,37.12873445,126.927754
111,진안중학교,중학교,경기도 화성시 진안동 857-1,경기도 화성시 병점동로 138,37.2165232,127.0378176
112,진안초등학교,초등학교,경기도 화성시 진안동 915,경기도 화성시 병점4로 97,37.21700472,127.040545
113,송원초등학교,초등학교,경기도 수원시 장안구 조원동 872,경기도 수원시 장안구 수일로 185,37.30849343,127.010124
114,서천초등학교,초등학교,경기도 용인시 기흥구 서천동 282,경기도 용인시 기흥구 서그내로62번길 6,37.243053,127.0721596
115,나곡초등학교,초등학교,경기도 용인시 기흥구 보라동 554,경기도 용인시 기흥구 사은로126번길 26,37.25377554,127.1189348
116,독정초등학교,초등학교,경기도 용인시 기흥구 보정동 1256,경기도 용인시 기흥구 보정로 100,37.31886937,127.116276
117,다솔초등학교,초등학교,경기도 수원시 장안구 정자동 946,경기도 수원시 장안구 이목로 24-35,37.30869676,126.987669
118,영복여자고등학교,고등학교,경기도 수원시 팔달구 화서동 7-10,경기도 수원시 팔달구 장안로7번길 49-1,37.28562481,127.0016721
119,매탄중학교,중학교,경기도 수원시 영통구 매탄동 1353,경기도 수원시 영통구 효원로 337,37.26073463,127.039259
120,송정초등학교,초등학교,경기도 수원시 장안구 송죽동 404,경기도 수원시 장안구 송정로 41,37.29707655,127.0017089
121,해운초등학교,초등학교,경기도 화성시 서신면 궁평리 162-4,경기도 화성시 서신면 궁평항로 1374-6,37.14005466,126.7037872
122,안화중학교,중학교,경기도 화성시 병점동 853,경기도 화성시 병점2로 125,37.21111875,127.0485705
123,영신중학교,중학교,경기도 수원시 권선구 오목천동 537-1,경기도 수원시 권선구 삼천병마로1566번길 30,37.24190913,126.9669823
124,원천초등학교,초등학교,경기도 수원시 영통구 매탄동 1212,경기도 수원시 영통구 매영로 103,37.26847708,127.0537706
125,영일초등학교,초등학교,경기도 수원시 영통구 영통동 988-4,경기도 수원시 영통구 덕영대로1673번길 17,37.24845193,127.0735665
126,매산초등학교,초등학교,경기도 수원시 팔달구 매산로3가 13,경기도 수원시 팔달구 향교로 93,37.27214613,127.0107555
127,산남초등학교,초등학교,경기도 수원시 영통구 매탄동 111-164,경기도 수원시 영통구 산남로 86,37.27064523,127.0501161
128,명인중학교,중학교,경기도 수원시 장안구 정자동 888-1,경기도 수원시 장안구 정자천로134번길 37,37.29223274,126.9930863
129,양감중학교,중학교,경기도 화성시 양감면 신왕리 475-1,경기도 화성시 양감면 초록로 49,37.08148848,126.951662
130,기안초등학교,초등학교,경기도 화성시 기안동 226,경기도 화성시 기안길 18,37.22536277,126.982127
131,성호중학교,중학교,경기도 오산시 원동 607-2,경기도 오산시 동부대로436번길 34,37.13961594,127.0818199
132,양감초등학교,초등학교,경기도 화성시 양감면 신왕리 475-1,경기도 화성시 양감면 초록로 49,37.08148848,126.951662
133,남수원초등학교,초등학교,경기도 수원시 권선구 세류동 1130,경기도 수원시 권선구 경수대로235번길 24,37.24989337,127.0167352
134,문시중학교,중학교,경기도 오산시 금암동 519,경기도 오산시 여계산로 52-24,37.17443429,127.0471779
135,세마중학교,중학교,경기도 오산시 세교동 625,경기도 오산시 수목원로 559-9,37.18105837,127.042247
136,태안초등학교,초등학교,경기도 화성시 병점동 824,경기도 화성시 병점3로 77,37.21065951,127.0408657
137,갈천초등학교,초등학교,경기도 화성시 향남읍 갈천리 156-1,경기도 화성시 향남읍 발안로 701-23,37.12724576,126.9804858
138,대평고등학교,고등학교,경기도 수원시 장안구 정자동 870-4,경기도 수원시 장안구 천천로22번길 21,37.29535733,126.988126
139,성서초등학교,초등학교,경기도 용인시 수지구 성복동 772,경기도 용인시 수지구 성복2로 210,37.32017186,127.0650769
140,화홍초등학교,초등학교,경기도 수원시 팔달구 화서동 7-1,경기도 수원시 팔달구 수성로258번길 70,37.28724566,127.0028824
141,대호초등학교,초등학교,경기도 오산시 궐동 661,경기도 오산시 궐리사로46번길 3,37.159129,127.057837
142,매탄초등학교,초등학교,경기도 수원시 영통구 매탄동 946,경기도 수원시 영통구 매탄로 139,37.26415677,127.0431916
143,매원고등학교,고등학교,경기도 수원시 영통구 매탄동 1229-11,경기도 수원시 영통구 삼성로213번길 120,37.26565476,127.0545337
144,상촌중학교,중학교,경기도 수원시 권선구 금곡동 1057,경기도 수원시 권선구 금곡로73번길 60,37.27623606,126.935309
145,수원외국어고등학교,고등학교,경기도 수원시 영통구 이의동 1088-6,경기도 수원시 영통구 창룡대로 263,37.29599326,127.0351158
146,세교고등학교,고등학교,경기도 오산시 금암동 487,경기도 오산시 수청로 112,37.17800671,127.0533473
147,능동중학교,중학교,경기도 화성시 능동 1082,경기도 화성시 동탄원천로 289-17,37.21224018,127.0614267
148,호매실고등학교,고등학교,경기도 수원시 권선구 호매실동 1365,경기도 수원시 권선구 칠보로 142-1,37.26492553,126.9553373
149,영생고등학교,고등학교,경기도 수원시 장안구 천천동 555,경기도 수원시 장안구 서부로2198번길 22,37.30473311,126.9742361
150,정림초등학교,초등학교,경기도 화성시 정남면 망월리 328,경기도 화성시 정남면 망월길 69,37.1530421,127.0116502
151,곡선중학교,중학교,경기도 수원시 권선구 권선동 1063,경기도 수원시 권선구 경수대로312번길 23-10,37.25452378,127.0234711
152,안화고등학교,고등학교,경기도 화성시 병점동 852,경기도 화성시 병점3로 132-19,37.2119228,127.0484625
153,수일여자중학교,중학교,경기도 수원시 장안구 조원동 198-1,경기도 수원시 장안구 수일로 145,37.30810329,127.0076654
154,화성금곡초등학교,초등학교,경기도 화성시 반송동 78,경기도 화성시 동탄문화센터로 13,37.19863407,127.0662175
155,원천중학교,중학교,경기도 수원시 영통구 원천동 78-7,경기도 수원시 영통구 동수원로551번길 38,37.27640244,127.0490259
156,비봉고등학교,고등학교,경기도 화성시 비봉면 양노리 260-1,경기도 화성시 비봉면 양노로109번길 5,37.23724717,126.872612
157,권선고등학교,고등학교,경기도 수원시 권선구 권선동 1243,경기도 수원시 권선구 세권로 276,37.25278194,127.0333651
158,청명초등학교,초등학교,경기도 수원시 영통구 영통동 1053-6,경기도 수원시 영통구 봉영로1744번길 41,37.26563109,127.0851747
159,정평초등학교,초등학교,경기도 용인시 수지구 풍덕천동 1058,경기도 용인시 수지구 정평로 64,37.32083142,127.0885087
160,다온초등학교,초등학교,경기도 오산시 부산동 794,경기도 오산시 부산중앙로 37,37.151933,127.0908935
161,이의초등학교,초등학교,경기도 수원시 영통구 하동 993,경기도 수원시 영통구 법조로 150,37.29307671,127.0756898
162,운천고등학교,고등학교,경기도 오산시 부산동 778-5,경기도 오산시 운천로 193,37.15598785,127.0803516
163,세마고등학교,고등학교,경기도 오산시 세교동 626,경기도 오산시 수목원로 559-17,37.18054088,127.0409971
164,신백중학교,중학교,경기도 화성시 남양읍 남양리 2057,경기도 화성시 남양읍 역골중앙로 56-6,37.20343745,126.8302503
165,이의고등학교,고등학교,경기도 수원시 영통구 하동 977,경기도 수원시 영통구 법조로 145,37.29235868,127.0711898
166,효탑초등학교,초등학교,경기도 수원시 권선구 탑동 870,경기도 수원시 권선구 효탑로16번길 17,37.26654167,126.9759378
167,세곡초등학교,초등학교,경기도 수원시 권선구 권선동 1044,경기도 수원시 권선구 세권로207번길 32,37.25629813,127.0283401
168,율현초등학교,초등학교,경기도 수원시 팔달구 화서동 710,경기도 수원시 팔달구 정자천로32번길 55,37.28722869,126.9828949
169,율천고등학교,고등학교,경기도 수원시 팔달구 화서동 720,경기도 수원시 팔달구 일월로 50,37.28782913,126.9788781
170,율현중학교,중학교,경기도 수원시 팔달구 화서동 729,경기도 수원시 팔달구 일월로22번길 60,37.28612119,126.9826535
171,오산원일초등학교,초등학교,경기도 오산시 원동 360-19,경기도 오산시 오산로132번길 27,37.13920296,127.0716949
172,흥덕초등학교,초등학교,경기도 용인시 기흥구 영덕동 1011,경기도 용인시 기흥구 흥덕1로62번길 26,37.27236487,127.0716736
173,매향여자정보고등학교,고등학교,경기도 수원시 팔달구 매향동 110-2,경기도 수원시 팔달구 수원천로 350,37.28457355,127.0186217
174,향남고등학교,고등학교,경기도 화성시 향남읍 행정리 488,경기도 화성시 향남읍 행정동로 49,37.12888636,126.926236
175,수영초등학교,초등학교,경기도 화성시 봉담읍 수영리 143-1,경기도 화성시 봉담읍 수영로 63,37.23617759,126.9542831
176,율전초등학교,초등학교,경기도 수원시 장안구 율전동 308-6,경기도 수원시 장안구 율전로 113,37.299567,126.9686866
177,잠원중학교,중학교,경기도 수원시 영통구 망포동 223-1,경기도 수원시 영통구 태장로 25,37.23937024,127.0487269
178,송원중학교,중학교,경기도 수원시 장안구 송죽동 376,경기도 수원시 장안구 송정로21번길 42,37.29724061,127.0028454
179,동화초등학교,초등학교,경기도 화성시 봉담읍 동화리 606,경기도 화성시 봉담읍 동화새터길 130,37.21532013,126.9613628
180,송산중학교,중학교,경기도 화성시 송산면 사강리 558-2,경기도 화성시 송산면 송산포도로 162,37.21535671,126.7306439
181,향일고등학교,고등학교,경기도 화성시 향남읍 행정리 439,경기도 화성시 향남읍 행정중앙2로 28,37.12928624,126.9178966
182,청명중학교,중학교,경기도 수원시 영통구 영통동 955-3,경기도 수원시 영통구 청명북로 118,37.26185806,127.0781262
183,대평중학교,중학교,경기도 수원시 장안구 정자동 871-1,경기도 수원시 장안구 만석로68번길 7,37.29743078,126.9898634
184,수현중학교,중학교,경기도 화성시 봉담읍 수영리 691,경기도 화성시 봉담읍 상리3길 136,37.226381,126.950823
185,화남초등학교,초등학교,경기도 화성시 장지동 910-411,경기도 화성시 동탄순환대로 4길 16,37.16385863,127.096076
186,용인신릉초등학교,초등학교,경기도 용인시 기흥구 신갈동 686,경기도 용인시 기흥구 새천년로 53,37.29026142,127.114727
187,화성장안초등학교석포분교장,초등학교,경기도 화성시 장안면 석포리 390-16,경기도 화성시 장안면 버들로 1201-9,37.1312127,126.8407081
188,서연중학교,중학교,경기도 화성시 장지동 115-1,경기도 화성시 동탄대로4길 40,37.16088657,127.110215
189,중앙기독중학교,중학교,경기도 수원시 영통구 원천동 134,경기도 수원시 영통구 월드컵로 70,37.27533477,127.0576904
190,삼일고등학교,고등학교,경기도 수원시 팔달구 매향동 10-22,경기도 수원시 팔달구 수원천로392번길 44-28,37.28638393,127.0196791
191,율전중학교,중학교,경기도 수원시 장안구 율전동 168-41,경기도 수원시 장안구 덕영대로381번길 59,37.30336795,126.9663526
192,운암초등학교,초등학교,경기도 오산시 원동 815-5,경기도 오산시 원동로 63,37.14385503,127.076202
193,오산원일중학교,중학교,경기도 오산시 원동 360-8,경기도 오산시 오산로132번길 29,37.13977634,127.0726758
194,수일고등학교,고등학교,경기도 수원시 장안구 조원동 21,경기도 수원시 장안구 수일로233번길 59,37.30771516,127.0180455
195,광교고등학교,고등학교,경기도 수원시 영통구 이의동 1346,경기도 수원시 영통구 도청로89번길 11,37.289728,127.0485481
196,상하중학교,중학교,경기도 용인시 기흥구 상하동 672,경기도 용인시 기흥구 중부대로746번길 16-29,37.261597,127.1356759
197,수원원일중학교,중학교,경기도 수원시 영통구 매탄동 1229-10,경기도 수원시 영통구 삼성로213번길 122,37.26539571,127.053545
198,숲속초등학교,초등학교,경기도 화성시 반송동 56,경기도 화성시 동탄공원로2길 10,37.20611415,127.060485
199,수원초등학교,초등학교,경기도 수원시 팔달구 고등동 19,경기도 수원시 팔달구 팔달로110번길 26,37.27783129,127.0043476
200,남창초등학교,초등학교,경기도 수원시 팔달구 남창동 126,경기도 수원시 팔달구 행궁로 44-9,37.2781857,127.014229
201,상촌초등학교,초등학교,경기도 수원시 권선구 금곡동 699,경기도 수원시 권선구 금곡로31번길 92,37.27320642,126.9353319
202,사창초등학교,초등학교,경기도 화성시 양감면 사창리 409,경기도 화성시 양감면 정문회화로 7,37.09200273,126.9730915
203,기안중학교,중학교,경기도 화성시 기안동 365,경기도 화성시 효행로291번길 29,37.22434165,126.9753192
204,매봉초등학교,초등학교,경기도 용인시 수지구 상현동 1172,경기도 용인시 수지구 수지로 75-1,37.310031,127.0733254
205,화성매송초등학교,초등학교,경기도 화성시 매송면 원평리 67-1,경기도 화성시 매송면 화성로 2403,37.24980641,126.9282436
206,영통중학교,중학교,경기도 수원시 영통구 영통동 964-2,경기도 수원시 영통구 영통로 316,37.2536188,127.0637499
207,푸른중학교,중학교,경기도 화성시 능동 1135,경기도 화성시 동탄공원로 21-24,37.20235319,127.056597
208,수기초등학교,초등학교,경기도 화성시 봉담읍 수기리 26-2,경기도 화성시 봉담읍 수기웃말길 27,37.20162367,126.9813231
209,신남초등학교,초등학교,경기도 화성시 남양읍 신남리 38-2,경기도 화성시 마도면 신남로 5,37.19224726,126.7936673
210,수원제일중학교,중학교,경기도 수원시 팔달구 화서동 5,경기도 수원시 팔달구 수성로244번길 37-52,37.28713514,127.0008026
211,수원정보과학고등학교,고등학교,경기도 수원시 영통구 원천동 78-8,경기도 수원시 영통구 동수원로551번길 16,37.27608009,127.0497818
212,태장고등학교,고등학교,경기도 수원시 영통구 영통동 973-2,경기도 수원시 영통구 영통로 250,37.24936938,127.0594286
213,봉담초등학교,초등학교,경기도 화성시 봉담읍 상리 39-10,경기도 화성시 봉담읍 진등3길 15,37.22280569,126.9473598
214,산남중학교,중학교,경기도 수원시 영통구 매탄동 1216,경기도 수원시 영통구 매영로 79,37.26912854,127.0513148
215,효성초등학교,초등학교,경기도 수원시 팔달구 우만동 16,경기도 수원시 팔달구 월드컵로 256,37.28347335,127.0393624
216,숙지중학교,중학교,경기도 수원시 팔달구 화서동 652,경기도 수원시 팔달구 덕영대로735번길 23,37.28243119,126.9922207
217,제암초등학교,초등학교,경기도 화성시 향남읍 발안리 299,경기도 화성시 향남읍 발안서로 21,37.13115334,126.9021136
218,원일초등학교,초등학교,경기도 수원시 영통구 원천동 549-1,경기도 수원시 영통구 중부대로448번길 84,37.26779736,127.0602571
219,용인백현초등학교,초등학교,경기도 용인시 기흥구 동백동 600,경기도 용인시 기흥구 동백8로 108,37.283159,127.1623938
220,화도중학교,중학교,경기도 화성시 마도면 석교리 212,경기도 화성시 마도면 석교로 162,37.20491217,126.7752047
221,고기초등학교,초등학교,경기도 용인시 수지구 고기동 172-1,경기도 용인시 수지구 고기로 385,37.358847,127.066072
222,태성중학교,중학교,경기도 용인시 처인구 남동 28,경기도 용인시 처인구 백옥대로 1059-2,37.22892007,127.2088324
223,수원여자고등학교,고등학교,경기도 수원시 팔달구 고등동 19-1,경기도 수원시 팔달구 고등로59번길 72,37.276828,127.0043551
224,수성초등학교,초등학교,경기도 수원시 장안구 조원동 843,경기도 수원시 장안구 금당로 19,37.30561994,127.0144759
225,명인초등학교,초등학교,경기도 수원시 장안구 정자동 884-7,경기도 수원시 장안구 대평로52번길 21,37.29423188,126.9948897
226,장안여자중학교,중학교,경기도 화성시 장안면 사곡리 산49-2,경기도 화성시 장안면 기아자동차로 814,37.07765669,126.8163354
227,영덕중학교,중학교,경기도 수원시 영통구 영통동 957-3,경기도 수원시 영통구 청명로 146,37.25855295,127.072890035
228,망포고등학교,고등학교,경기도 수원시 영통구 망포동 672-6,경기도 수원시 영통구 동탄지성로 468,37.233827,127.0464357
229,경기과학고등학교,고등학교,경기도 수원시 장안구 송죽동 68-23,경기도 수원시 장안구 수일로 135,37.308815,127.0064083
230,한마음초등학교,초등학교,경기도 화성시 능동 1117,경기도 화성시 동탄숲속로 69-6,37.20859344,127.0563591
231,갈담초등학교,초등학교,경기도 화성시 봉담읍 유리 86,경기도 화성시 봉담읍 갈담초교길 24,37.17514004,126.932909
232,마산초등학교,초등학교,경기도 화성시 송산면 마산리 326-3,경기도 화성시 송산면 송산포도로 582,37.23180131,126.6918993
233,오현초등학교,초등학교,경기도 수원시 권선구 오목천동 278,경기도 수원시 권선구 서수원로 220,37.246541,126.9684672
234,영신여자고등학교,고등학교,경기도 수원시 권선구 오목천동 537-1,경기도 수원시 권선구 삼천병마로1566번길 30,37.241938,126.9669823
235,동백중학교,중학교,경기도 용인시 기흥구 동백동 578,경기도 용인시 기흥구 동백중앙로 385,37.28558222,127.1589105
236,안화초등학교,초등학교,경기도 화성시 병점동 851,경기도 화성시 병점3로 132-5,37.21284997,127.0473692
237,수원신곡초등학교,초등학교,경기도 수원시 권선구 세류동 527,경기도 수원시 권선구 정조로544번길 13-7,37.25804509,127.0133727
238,매여울초등학교,초등학교,경기도 수원시 팔달구 인계동 385,경기도 수원시 팔달구 권광로260번길 20,37.270576,127.0370179
239,창현고등학교,고등학교,경기도 수원시 팔달구 우만동 9-1,경기도 수원시 팔달구 월드컵로 216-2,37.28490893,127.0418566
240,이의중학교,중학교,경기도 수원시 영통구 하동 981,경기도 수원시 영통구 법조로 129,37.2913276,127.0707668
241,매원중학교,중학교,경기도 수원시 영통구 매탄동 812,경기도 수원시 영통구 매탄로 177,37.26661639,127.0452492
242,대호중학교,중학교,경기도 오산시 궐동 617,경기도 오산시 궐리사로29번길 19,37.16220081,127.0568708
243,용인한빛초등학교,초등학교,경기도 용인시 수지구 동천동 933,경기도 용인시 수지구 동천로 153번길 23,37.33506501,127.0879351
244,상률초등학교,초등학교,경기도 수원시 장안구 율전동 142-22,경기도 수원시 장안구 덕영대로417번길 98,37.30476787,126.9695872
245,수원선일초등학교,초등학교,경기도 수원시 권선구 권선동 1276,경기도 수원시 권선구 권중로120번길 17,37.24833751,127.0304334
246,용인신촌중학교,중학교,경기도 용인시 기흥구 보정동 1268,경기도 용인시 기흥구 보정로 71,37.31614242,127.1132682
247,갈곡초등학교,초등학교,경기도 용인시 기흥구 구갈동 601,경기도 용인시 기흥구 강남동로 61,37.2712833,127.1332521
248,현암고등학교,고등학교,경기도 용인시 수지구 죽전동 1354,경기도 용인시 수지구 디지털벨리로 17,37.32880026,127.1313577
249,성복중학교,중학교,경기도 용인시 수지구 성복동 104-2,경기도 용인시 수지구 성복2로78번길 51,37.31974732,127.0764604
250,화성세정중학교,중학교,경기도 화성시 동탄면 산척동 741,경기도 화성시 동탄순환대로12길 60,37.167167,127.124759
251,수지중학교,중학교,경기도 용인시 수지구 풍덕천동 663,경기도 용인시 수지구 수풍로 102,37.33289857,127.0943635
252,동수원중학교,중학교,경기도 수원시 영통구 매탄동 1200,경기도 수원시 영통구 동탄원천로1109번길 92,37.2712924,127.0547216
253,예당중학교,중학교,경기도 화성시 석우동 61-1,경기도 화성시 노작로 226-35,37.20806531,127.079278
254,오산원당초등학교,초등학교,경기도 오산시 원동 30-22,경기도 오산시 부원로87번길 37-7,37.14226351,127.090924
255,보정초등학교,초등학교,경기도 용인시 기흥구 보정동 1299,경기도 용인시 기흥구 신촌로73번길 28,37.30910418,127.110789
256,용신중학교,중학교,경기도 용인시 처인구 김량장동 466-1,경기도 용인시 처인구 명지로 15-26,37.23396718,127.1924527
257,능동고등학교,고등학교,경기도 화성시 능동 1086,경기도 화성시 동탄원천로 315-26,37.21390891,127.0575058
258,연무초등학교,초등학교,경기도 수원시 팔달구 매향동 8-1,경기도 수원시 팔달구 창룡대로103번길 60,37.28730746,127.0219242
259,상봉초등학교,초등학교,경기도 화성시 봉담읍 동화리 569,경기도 화성시 봉담읍 상봉길 52,37.21816941,126.954942
260,화성월문초등학교,초등학교,경기도 화성시 팔탄면 월문리 192,경기도 화성시 팔탄면 버들로 1537,37.11888442,126.872698
261,영화초등학교,초등학교,경기도 수원시 장안구 조원동 556,경기도 수원시 장안구 경수대로 838,37.29686206,127.0163697
262,신일초등학교,초등학교,경기도 용인시 수지구 신봉동 920,경기도 용인시 수지구 신봉2로48번길 28,37.32928881,127.0776935
263,마성초등학교,초등학교,경기도 용인시 기흥구 마북동 635,경기도 용인시 기흥구 용구대로2360번길 29,37.29743042,127.1131934
264,경기대명고등학교,고등학교,경기도 수원시 권선구 당수동 122,경기도 수원시 권선구 수인로598번길 3-24,37.29601975,126.939985
265,석우중학교,중학교,경기도 화성시 반송동 84,경기도 화성시 동탄중앙로 264,37.20830479,127.0704255
266,창용초등학교,초등학교,경기도 수원시 장안구 연무동 5-2,경기도 수원시 장안구 광교산로140번길 8,37.29959882,127.0313858
267,신영초등학교,초등학교,경기도 수원시 영통구 영통동 972-3,경기도 수원시 영통구 영통로 266,37.25015801,127.0602538
268,소현중학교,중학교,경기도 용인시 기흥구 보정동 1170,경기도 용인시 기흥구 만현로133번길 96,37.30158937,127.0937847
269,화성화수초등학교,초등학교,경기도 화성시 우정읍 화수리 834-13,경기도 화성시 우정읍 화수동길 145,37.10913579,126.7970297
270,삼일공업고등학교,고등학교,경기도 수원시 팔달구 매향동 10-22,경기도 수원시 팔달구 수원천로392번길 44-60,37.28554473,127.0205555
271,영동초등학교,초등학교,경기도 수원시 영통구 영통동 967-4,경기도 수원시 영통구 봉영로1517번길 40,37.249802,127.0660942
272,용인초등학교,초등학교,경기도 용인시 처인구 김량장동 228-1,경기도 용인시 처인구 금학로367번길 14,37.23856867,127.205213
273,현암중학교,중학교,경기도 용인시 수지구 죽전동 1238,경기도 용인시 수지구 대지로 128,37.32955546,127.1218001
274,와우중학교,중학교,경기도 화성시 봉담읍 동화리 238-63,경기도 화성시 봉담읍 동화역말길 55-40,37.2191393,126.9660071
275,용인신릉중학교,중학교,경기도 용인시 기흥구 신갈동 689,경기도 용인시 기흥구 새천년로 57,37.29025948,127.1160249
276,권선초등학교,초등학교,경기도 수원시 권선구 권선동 948,경기도 수원시 권선구 세지로 126번길 27,37.26329738,127.0217658
277,팔탄초등학교,초등학교,경기도 화성시 팔탄면 구장리 522-1,경기도 화성시 팔탄면 마당바위로31번길 6,37.16005653,126.902322
278,푸른초등학교,초등학교,경기도 화성시 능동 1136,경기도 화성시 동탄공원로 21-38,37.20238958,127.0552946
279,남수원중학교,중학교,경기도 수원시 권선구 권선동 1244,경기도 수원시 권선구 권중로 162,37.25199587,127.0336582
280,두창초등학교,초등학교,경기도 용인시 처인구 원삼면 두창리 871,경기도 용인시 처인구 원삼면 복분로 29,37.15834601,127.342837
281,신갈초등학교,초등학교,경기도 용인시 기흥구 신갈동 56,경기도 용인시 기흥구 신갈로 76,37.27380452,127.1067494
282,운천초등학교,초등학교,경기도 오산시 부산동 778-4,경기도 오산시 운암로 116,37.15595103,127.0797631
283,명당초등학교,초등학교,경기도 수원시 권선구 권선동 1301,경기도 수원시 권선구 세권로 319,37.25225192,127.0393016
284,용동중학교,중학교,경기도 용인시 처인구 양지면 남곡리 164-5,경기도 용인시 처인구 양지면 남곡로 26,37.23151178,127.2829773
285,운천중학교,중학교,경기도 오산시 오산동 911-1,경기도 오산시 운암로 133,37.15829932,127.078007
286,비봉초등학교,초등학교,경기도 화성시 비봉면 삼화리 537,경기도 화성시 비봉면 양노로 71,37.23701249,126.8690057
287,병점고등학교,고등학교,경기도 화성시 병점동 861,경기도 화성시 병점중앙로 72,37.20585454,127.0437159
288,서원중학교,중학교,경기도 용인시 수지구 상현동 834,경기도 용인시 수지구 상현로42번길 26-8,37.3018915,127.0805582
289,양지초등학교,초등학교,경기도 용인시 처인구 양지면 양지리 350,경기도 용인시 처인구 양지면 교동로 30,37.23708312,127.284491
290,백암초등학교,초등학교,경기도 용인시 처인구 백암면 근창리 105,경기도 용인시 처인구 백암면 백원로 501,37.16414573,127.367489997
291,원삼중학교,중학교,경기도 용인시 처인구 원삼면 고당리 95-1,경기도 용인시 처인구 원삼면 고당로16번길 29,37.16816305,127.3093128
292,풍천초등학교,초등학교,경기도 용인시 수지구 풍덕천동 1172,경기도 용인시 수지구 진산로66번길 20,37.316162,127.0955107
293,고색고등학교,고등학교,경기도 수원시 권선구 고색동 888-158,경기도 수원시 권선구 서둔로17번길 32,37.253835,126.9823466
294,활초초등학교,초등학교,경기도 화성시 남양읍 안석리 232-1,경기도 화성시 남양읍 안석길111번길 106,37.17877654,126.8250998
295,백암중학교,중학교,경기도 용인시 처인구 백암면 근창리 166,경기도 용인시 처인구 백암면 백원로 519-9,37.164968,127.3685728
296,효자초등학교,초등학교,경기도 용인시 수지구 성복동 732,경기도 용인시 수지구 성복1로 106-1,37.31735232,127.0673443
297,신갈고등학교,고등학교,경기도 용인시 기흥구 상갈동 산1-2,경기도 용인시 기흥구 백남준로 13,37.26975906,127.1113065
298,오산고등학교,고등학교,경기도 오산시 청학동 26,경기도 오산시 청학로 43,37.15430591,127.0626056
299,어정초등학교,초등학교,경기도 용인시 기흥구 중동 619-1,경기도 용인시 기흥구 어정로 155,37.27695642,127.1474013
300,초당고등학교,고등학교,경기도 용인시 기흥구 중동 1040,경기도 용인시 기흥구 동백중앙로 21,37.25869538,127.163217
301,반석초등학교,초등학교,경기도 화성시 반송동 223,경기도 화성시 동탄반석로 22,37.193688,127.0783219
302,남촌초등학교,초등학교,경기도 용인시 처인구 남사면 진목리 141-5,경기도 용인시 처인구 남사읍 천덕산로 330,37.10155426,127.137611
303,대현초등학교,초등학교,경기도 용인시 수지구 죽전동 869-1,경기도 용인시 수지구 용구대로2771번길 16,37.33359249,127.106521
304,연무중학교,중학교,경기도 수원시 영통구 이의동 1325,경기도 수원시 영통구 센트럴타운로100번길 30,37.29290141,127.0518821
305,송산초등학교,초등학교,경기도 화성시 송산면 사강리 701,경기도 화성시 송산면 사강시장길 15-9,37.21463742,126.7319598
306,용인고등학교,고등학교,경기도 용인시 처인구 역북동 444-1,경기도 용인시 처인구 금학로253번길 20-21,37.24057072,127.193049
307,나산초등학교,초등학교,경기도 용인시 기흥구 보라동 613,경기도 용인시 기흥구 한보라1로43번길 8,37.250307,127.1093855
308,흥덕중학교,중학교,경기도 용인시 기흥구 영덕동 959,경기도 용인시 기흥구 흥덕중앙로105번길 10,37.27678653,127.0797285
309,예당초등학교,초등학교,경기도 화성시 석우동 54,경기도 화성시 동탄반석로 245,37.21058745,127.0752137
310,언동초등학교,초등학교,경기도 용인시 기흥구 언남동 132-10,경기도 용인시 기흥구 언남로 55,37.29536064,127.131593
311,구갈초등학교,초등학교,경기도 용인시 기흥구 구갈동 397,경기도 용인시 기흥구 구갈로 36,37.27794262,127.1119291
312,비봉중학교,중학교,경기도 화성시 비봉면 삼화리 527-2,경기도 화성시 비봉면 양노로109번길 5,37.23724717,126.8726902
313,화성중학교,중학교,경기도 화성시 향남읍 장짐리 161,경기도 화성시 향남읍 장짐길 4,37.13902926,126.9064904
314,인계초등학교,초등학교,경기도 수원시 팔달구 인계동 257-2,경기도 수원시 팔달구 장다리로245번길 12,37.27314985,127.026077
315,서호초등학교,초등학교,경기도 수원시 권선구 서둔동 39-7,경기도 수원시 권선구 서호동로14번길 47,37.26623106,126.9903299
316,화성장안초등학교,초등학교,경기도 화성시 장안면 어은리 812,경기도 화성시 장안면 조암동로 8-5,37.08604329,126.823874
317,효원초등학교,초등학교,경기도 수원시 영통구 매탄동 1155,경기도 수원시 영통구 효원로358번길 16,37.2591319,127.039915
318,효동초등학교,초등학교,경기도 수원시 영통구 매탄동 1248,경기도 수원시 영통구 매탄로126번길 27,37.26251285,127.0457449
319,용인한빛중학교,중학교,경기도 용인시 수지구 동천동 925,경기도 용인시 수지구 동천로 177,37.3372256,127.084866
320,수청초등학교,초등학교,경기도 오산시 수청동 584,경기도 오산시 오산대역로 123,37.17084729,127.0554738
321,오산정보고등학교,고등학교,경기도 오산시 청학동 52-1,경기도 오산시 청학로5번길 20,37.15389008,127.059967
322,중앙기독초등학교,초등학교,경기도 수원시 영통구 원천동 134,경기도 수원시 영통구 월드컵로 70,37.27533477,127.0576904
323,송죽초등학교,초등학교,경기도 수원시 장안구 송죽동 502,경기도 수원시 장안구 송원로41번길 34,37.30076246,127.0060008
324,영문중학교,중학교,경기도 용인시 처인구 포곡읍 영문리 554,경기도 용인시 처인구 포곡읍 영문로 70,37.2719248,127.208493
325,동원고등학교,고등학교,경기도 수원시 장안구 이목동 241-9,경기도 수원시 장안구 장안로 426-1,37.31981901,126.9824035
326,신성초등학교,초등학교,경기도 수원시 영통구 영통동 1049-2,경기도 수원시 영통구 청명북로 42,37.25547143,127.0816557
327,산의초등학교,초등학교,경기도 수원시 영통구 이의동 1327,경기도 수원시 영통구 센트럴타운로22번길 25,37.29037137,127.057187
328,능실중학교,중학교,경기도 수원시 권선구 호매실동 1390,경기도 수원시 권선구 호매실로165번길 28-1,37.26094165,126.9562586
329,나곡중학교,중학교,경기도 용인시 기흥구 보라동 559,경기도 용인시 기흥구 사은로126번길 83,37.25143052,127.1245131
330,솔개초등학교,초등학교,경기도 용인시 수지구 상현동 841,경기도 용인시 수지구 상현로 79,37.30579885,127.0817295
331,발안중학교,중학교,경기도 화성시 향남읍 평리 63-18,경기도 화성시 향남읍 발안로 73,37.132845,126.9187019
332,화성고등학교,고등학교,경기도 화성시 향남읍 장짐리 161,경기도 화성시 향남읍 장짐길 4,37.13902926,126.9064904
333,정남초등학교,초등학교,경기도 화성시 정남면 발산리 409-1,경기도 화성시 정남면 만년로 516,37.1678223,126.9841516
334,천일초등학교,초등학교,경기도 수원시 장안구 천천동 570,경기도 수원시 장안구 정자로19번길 13,37.30095712,126.9781743
335,송전초등학교,초등학교,경기도 용인시 처인구 이동읍 송전리 705-2,경기도 용인시 처인구 이동읍 경기동로687번길 14,37.1408151,127.1986336
336,정천중학교,중학교,경기도 수원시 팔달구 화서동 708,경기도 수원시 팔달구 정자천로32번길 11,37.28939916,126.981942
337,성호고등학교,고등학교,경기도 오산시 원동 605,경기도 오산시 동부대로436번길 46,37.13914256,127.0816273
338,숙지고등학교,고등학교,경기도 수원시 팔달구 화서동 653,경기도 수원시 팔달구 수성로182번길 100,37.28296783,126.993266
339,기흥고등학교,고등학교,경기도 용인시 기흥구 신갈동 161,경기도 용인시 기흥구 관곡로 20,37.28229211,127.108853
340,구성초등학교,초등학교,경기도 용인시 기흥구 마북동 333,경기도 용인시 기흥구 구성로 51,37.2956668,127.1153666
341,광교초등학교,초등학교,경기도 수원시 영통구 이의동 1208,경기도 수원시 영통구 대학로 91,37.30387934,127.045839
342,용인백현중학교,중학교,경기도 용인시 기흥구 동백동 591,경기도 용인시 기흥구 동백7로 107번길 20,37.280995,127.164679
343,매탄고등학교,고등학교,경기도 수원시 영통구 매탄동 1247,경기도 수원시 영통구 매탄로126번길 11,37.26262774,127.044778
344,장안고등학교,고등학교,경기도 수원시 장안구 정자동 886-3,경기도 수원시 장안구 대평로52번길 12,37.29312138,126.9955918
345,송전중학교,중학교,경기도 용인시 처인구 이동읍 송전리 692,경기도 용인시 처인구 이동읍 경기동로687번길 28-14,37.1404346,127.2007625
346,이목중학교,중학교,경기도 수원시 장안구 이목동 241,경기도 수원시 장안구 장안로 426,37.31831824,126.9823353
347,둔전제일초등학교,초등학교,경기도 용인시 처인구 포곡읍 둔전리 448,경기도 용인시 처인구 포곡읍 포곡로141번길 28,37.27402249,127.219125
348,남사중학교,중학교,경기도 용인시 처인구 남사면 봉무리 435,경기도 용인시 처인구 남사읍 내기로 27,37.11610922,127.1493131
349,석현초등학교,초등학교,경기도 용인시 기흥구 영덕동 1070,경기도 용인시 기흥구 흥덕3로 42,37.27278759,127.0830481
350,남사초등학교,초등학교,경기도 용인시 처인구 남사면 봉무리 761-1,경기도 용인시 처인구 남사면 처인성로185번길 9-10,37.113213,127.148357
351,홍천중학교,중학교,경기도 용인시 수지구 신봉동 28-1,경기도 용인시 수지구 신봉1로71번길 36,37.32110222,127.076475
352,서경초등학교,초등학교,경기도 화성시 기산동 477,경기도 화성시 동탄지성로 265,37.217019,127.0508488
353,팔탄초등학교대방분교장,초등학교,경기도 화성시 팔탄면 노하리 173-1,경기도 화성시 팔탄면 노하길 398,37.16190364,126.8701572
354,관곡초등학교,초등학교,경기도 용인시 기흥구 구갈동 363,경기도 용인시 기흥구 관곡로 61,37.28322495,127.1137416
355,남양중학교,중학교,경기도 화성시 남양읍 남양리 1663,경기도 화성시 남양읍 시청로45번길 9-12,37.20792368,126.8215994
356,남양초등학교,초등학교,경기도 화성시 남양읍 남양리 650-1,경기도 화성시 남양읍 남양시장로55번길 7,37.21038035,126.8155734
357,토월초등학교,초등학교,경기도 용인시 수지구 풍덕천동 698-1,경기도 용인시 수지구 수지로296번길 3,37.32522741,127.091584
358,태장중학교,중학교,경기도 수원시 영통구 영통동 970-1,경기도 수원시 영통구 봉영로1517번길 45,37.24899233,127.0651888
359,남양고등학교,고등학교,경기도 화성시 남양읍 남양리 1633-1,경기도 화성시 남양읍 시청로45번길 23,37.2079709,126.8234064
360,곡반초등학교,초등학교,경기도 수원시 권선구 권선동 1322,경기도 수원시 권선구 덕영대로1323번길 26-14,37.246809,127.0362137
361,운암고등학교,고등학교,경기도 오산시 원동 815-6,경기도 오산시 운천로 12,37.14383484,127.075033
362,원삼초등학교,초등학교,경기도 용인시 처인구 원삼면 독성리 295-1,경기도 용인시 처인구 원삼면 하사로 1,37.16355642,127.3161379
363,신풍초등학교,초등학교,경기도 수원시 영통구 이의동 1342,경기도 수원시 영통구 도청로17번길 24,37.28639813,127.0531872
364,이현초등학교,초등학교,경기도 용인시 기흥구 보정동 1164,경기도 용인시 기흥구 이현로 83,37.31029508,127.0931044
365,영일중학교,중학교,경기도 수원시 영통구 영통동 1004,경기도 수원시 영통구 매영로 393,37.2496833,127.0758513
366,용인백현고등학교,고등학교,경기도 용인시 기흥구 동백동 664,경기도 용인시 기흥구 동백7로 112,37.2793322,127.1625331
367,삼괴고등학교,고등학교,경기도 화성시 우정읍 조암리 139,경기도 화성시 우정읍 장안로 35,37.08982064,126.8222924
368,호매실중학교,중학교,경기도 수원시 권선구 호매실동 395-27,경기도 수원시 권선구 금호로 32,37.26848379,126.955446
369,동탄국제고등학교,고등학교,경기도 화성시 반송동 204-1,경기도 화성시 동탄나루로 27,37.18920635,127.0783391
370,상갈초등학교,초등학교,경기도 용인시 기흥구 상갈동 462,경기도 용인시 기흥구 금화로58번길 17,37.26425129,127.1109979
371,성지고등학교,고등학교,경기도 용인시 기흥구 구갈동 599,경기도 용인시 기흥구 갈곡로12번길 13,37.27228468,127.1312675
372,예원초등학교,초등학교,경기도 화성시 석우동 52,경기도 화성시 동탄반석로 259,37.21116575,127.076189
373,호연초등학교,초등학교,경기도 화성시 장지동 925,경기도 화성시 동탄대로3길 17-7,37.16277708,127.1046986
374,성산초등학교,초등학교,경기도 오산시 오산동 524-1,경기도 오산시 성호대로 43,37.1504447,127.0670421
375,동천초등학교,초등학교,경기도 용인시 수지구 동천동 154,경기도 용인시 수지구 고기로 71,37.34461156,127.0933932
376,마북초등학교,초등학교,경기도 용인시 기흥구 마북동 550-13,경기도 용인시 기흥구 연원로 31,37.30281997,127.110044
377,신월초등학교,초등학교,경기도 용인시 수지구 풍덕천동 1097,경기도 용인시 수지구 풍덕천로 86,37.32052608,127.0927176
378,두레자연고등학교,고등학교,경기도 화성시 우정읍 화산리 692-11,경기도 화성시 우정읍 두레길 42,37.059386,126.795774
379,수원하이텍고등학교,고등학교,경기도 수원시 영통구 영통동 1049-1,경기도 수원시 영통구 청명북로 56,37.25629389,127.0812925
380,정평중학교,중학교,경기도 용인시 수지구 풍덕천동 1117,경기도 용인시 수지구 정평로 21,37.31807594,127.087803
381,문시초등학교,초등학교,경기도 오산시 금암동 518,경기도 오산시 여계산로 52-6,37.17428105,127.0452767
382,능동초등학교,초등학교,경기도 화성시 능동 1085,경기도 화성시 동탄원천로 315-27,37.21331507,127.058872
383,화산초등학교,초등학교,경기도 화성시 송산동 146-1,경기도 화성시 화산중앙로64번길 17,37.21142627,127.0135239
384,수원공업고등학교,고등학교,경기도 수원시 팔달구 인계동 249-1,경기도 수원시 팔달구 세지로 254,37.274233,127.0245216
385,동탄중학교,중학교,경기도 화성시 청계동 528,경기도 화성시 동탄대로시범길 97,37.19901116,127.1090809
386,지석초등학교,초등학교,경기도 용인시 기흥구 상하동 435-8,경기도 용인시 기흥구 어정로 62-25,37.27004892,127.1390138
387,태성고등학교,고등학교,경기도 용인시 처인구 남동 28,경기도 용인시 처인구 백옥대로 1059-2,37.22892007,127.208854
388,두레자연중학교,중학교,경기도 화성시 우정읍 화산리 692-11,경기도 화성시 우정읍 두레길 42,37.059353,126.7957492
389,풍덕초등학교,초등학교,경기도 용인시 수지구 풍덕천동 664-1,경기도 용인시 수지구 수지로 367,37.33007411,127.0952528
390,매원초등학교,초등학교,경기도 수원시 영통구 원천동 595,경기도 수원시 영통구 광교호수공원로 100,37.27438801,127.0637213
391,한터초등학교,초등학교,경기도 용인시 처인구 양지면 대대리 577,경기도 용인시 처인구 양지면 한터로571번길 4,37.26199118,127.2682539
392,용인둔전초등학교,초등학교,경기도 용인시 처인구 포곡읍 둔전리 108-10,경기도 용인시 처인구 포곡읍 포곡로118번길 61,37.26873077,127.2252393
393,운암중학교,중학교,경기도 오산시 원동 815-2,경기도 오산시 대원로 76,37.14588366,127.0769292
394,가수초등학교,초등학교,경기도 오산시 가수동 25,경기도 오산시 가수로 50,37.1481039,127.0479561
395,팔달초등학교,초등학교,경기도 수원시 팔달구 우만동 601,경기도 수원시 팔달구 권광로367번길 22,37.279481,127.0357442
396,예당고등학교,고등학교,경기도 화성시 석우동 61,경기도 화성시 삼성1로 47,37.20845778,127.0802182
397,솔빛중학교,중학교,경기도 화성시 반송동 136,경기도 화성시 동탄반석로 83,37.19618958,127.0722732
398,천천중학교,중학교,경기도 수원시 장안구 천천동 510,경기도 수원시 장안구 정자로42번길 16,37.30024941,126.981025
399,솔빛초등학교,초등학교,경기도 화성시 반송동 133,경기도 화성시 동탄반석로 84,37.1967436,127.0737903
400,대지초등학교,초등학교,경기도 용인시 수지구 죽전동 313-3,경기도 용인시 수지구 대지로51번길 6,37.33017106,127.1160431
401,배양초등학교,초등학교,경기도 화성시 배양동 76,경기도 화성시 융건로 90,37.21885531,126.9887553
402,지곡초등학교,초등학교,경기도 용인시 기흥구 지곡동 703,경기도 용인시 기흥구 사은로 274-45,37.2521849,127.1382088
403,기산중학교,중학교,경기도 화성시 기산동 469,경기도 화성시 동탄지성로 286,37.219205,127.052447
404,정천초등학교,초등학교,경기도 수원시 장안구 천천동 335,경기도 수원시 장안구 화산로 83,37.2912382,126.9827548
405,동양초등학교,초등학교,경기도 화성시 남양읍 남양리 1646-14,경기도 화성시 남양읍 시청로45번길 11,37.20699234,126.8221898
406,효정초등학교,초등학교,경기도 수원시 권선구 권선동 1233,경기도 수원시 권선구 동수원로285번길 5,37.25513574,127.0349022
407,동탄고등학교,고등학교,경기도 화성시 반송동 60,경기도 화성시 동탄공원로1길 26-7,37.20414063,127.0603836
408,능실초등학교,초등학교,경기도 수원시 권선구 호매실동 1391,경기도 수원시 권선구 호매실로165번길 28,37.259734,126.9560546
409,기산초등학교,초등학교,경기도 화성시 반월동 705-4,경기도 화성시 동탄지성로 344,37.22460078,127.0507334
410,죽전초등학교,초등학교,경기도 용인시 수지구 죽전동 513-1,경기도 용인시 수지구 용구대로2772번길 15,37.33376682,127.110387
411,조원초등학교,초등학교,경기도 수원시 장안구 조원동 390,경기도 수원시 장안구 금당로 53,37.30321326,127.0172011
412,서호중학교,중학교,경기도 수원시 권선구 서둔동 103-22,경기도 수원시 권선구 서호로 71,37.26639752,126.987794
413,안용중학교,중학교,경기도 화성시 송산동 97-7,경기도 화성시 효행로 833,37.20588892,127.0190498
414,보라고등학교,고등학교,경기도 용인시 기흥구 보라동 605,경기도 용인시 기흥구 한보라1로43번길 7,37.25145551,127.1105881
415,병점초등학교,초등학교,경기도 화성시 진안동 517-2,경기도 화성시 경기대로 1052,37.21024362,127.0338907
416,동막초등학교,초등학교,경기도 용인시 기흥구 동백동 576,경기도 용인시 기흥구 동백8로 39,37.28608046,127.1555391
417,역북초등학교,초등학교,경기도 용인시 처인구 김량장동 508-1,경기도 용인시 처인구 명지로 15-30,37.23457297,127.1924469
418,초당초등학교,초등학교,경기도 용인시 기흥구 중동 1010,경기도 용인시 기흥구 동백중앙로 78,37.26347282,127.160933
419,지동초등학교,초등학교,경기도 수원시 팔달구 지동 119-1,경기도 수원시 팔달구 중부대로 67,37.27715909,127.024503
420,용인홍천고등학교,고등학교,경기도 용인시 수지구 신봉동 885,경기도 용인시 수지구 수지로227번길 22,37.32221072,127.0823971
421,서룡초등학교,초등학교,경기도 용인시 처인구 역북동 416,경기도 용인시 처인구 중부대로1281번길 11,37.23811035,127.187073
422,성지중학교,중학교,경기도 용인시 기흥구 구갈동 576,경기도 용인시 기흥구 강남서로 26,37.27403886,127.1281168
423,언남초등학교,초등학교,경기도 용인시 기흥구 언남동 498,경기도 용인시 기흥구 기흥로116번길 87,37.28975883,127.1195878
424,용마초등학교,초등학교,경기도 용인시 처인구 마평동 675-4,경기도 용인시 처인구 금학로 471-1,37.23706584,127.2148977
425,동성중학교,중학교,경기도 수원시 팔달구 우만동 533,경기도 수원시 팔달구 월드컵로 293,37.28470754,127.0349611
426,성복초등학교,초등학교,경기도 용인시 수지구 성복동 104-5,경기도 용인시 수지구 성복2로78번길 52,37.31954195,127.0781599
427,구운초등학교,초등학교,경기도 수원시 권선구 구운동 465,경기도 수원시 권선구 여기산로 29,37.28066615,126.9779455
428,영복여자중학교,중학교,경기도 수원시 팔달구 화서동 7-10,경기도 수원시 팔달구 장안로7번길 49,37.28559857,127.0028572
429,학동초등학교,초등학교,경기도 화성시 반송동 81,경기도 화성시 동탄지성로 79-17,37.20528356,127.0660513
430,용인대덕중학교,중학교,경기도 용인시 수지구 죽전동 1156,경기도 용인시 수지구 죽전로293번길 12,37.33674758,127.1276076
431,매향중학교,중학교,경기도 수원시 팔달구 매향동 110-2,경기도 수원시 팔달구 수원천로392번길 44-22,37.28575833,127.019207
432,포곡중학교,중학교,경기도 용인시 처인구 포곡읍 전대리 159-4,경기도 용인시 처인구 포곡읍 석성로 1176,37.2797216,127.2213922
433,서원고등학교,고등학교,경기도 용인시 수지구 상현동 836,경기도 용인시 수지구 상현로42번길 26-7,37.302407,127.0814728
434,오목초등학교,초등학교,경기도 수원시 권선구 오목천동 422-1,경기도 수원시 권선구 오목천로 24,37.23969613,126.9656145
435,죽전고등학교,고등학교,경기도 용인시 수지구 죽전동 861-1,경기도 용인시 수지구 용구대로2771번길 23,37.33263026,127.106055
436,선행초등학교,초등학교,경기도 수원시 권선구 권선동 1331,경기도 수원시 권선구 세권로196번길 21,37.25438485,127.0259805
437,화홍고등학교,고등학교,경기도 수원시 권선구 권선동 1302,경기도 수원시 권선구 세권로 331,37.2517435,127.040294
438,용인신촌초등학교,초등학교,경기도 용인시 수지구 죽전동 1299,경기도 용인시 수지구 죽전로27번길 14-19,37.32314253,127.1136656
439,원동초등학교,초등학교,경기도 오산시 원동 805,경기도 오산시 오산로 92,37.13552905,127.069722
440,효천초등학교,초등학교,경기도 수원시 장안구 정자동 923,경기도 수원시 장안구 천천로21번길 11,37.2934661,126.9869171
441,백봉초등학교,초등학교,경기도 용인시 처인구 백암면 백봉리 202,경기도 용인시 처인구 백암면 죽양대로748번길 12,37.13797647,127.399982
442,화홍중학교,중학교,경기도 수원시 권선구 권선동 1316,경기도 수원시 권선구 덕영대로1323번길 25-11,37.24728058,127.0347228
443,흥덕고등학교,고등학교,경기도 용인시 기흥구 영덕동 1020,경기도 용인시 기흥구 흥덕2로 36,37.27075758,127.0744587
444,황곡초등학교,초등학교,경기도 수원시 영통구 영통동 948-3,경기도 수원시 영통구 영통로 518,37.2655424,127.0782969
445,풍덕고등학교,고등학교,경기도 용인시 수지구 풍덕천동 1121,경기도 용인시 수지구 정평로13번길 5,37.31702384,127.0892193
446,오산고현초등학교,초등학교,경기도 오산시 고현동 92,경기도 오산시 남부대로 459,37.133445,127.0851451
447,운학초등학교,초등학교,경기도 용인시 처인구 운학동 220-1,경기도 용인시 처인구 동부로465번길 7,37.20278722,127.2466709
448,백암초등학교수정분교장,초등학교,경기도 용인시 처인구 백암면 가창리 514-3,경기도 용인시 처인구 백암면 청강가창로105번길 55-12,37.18619793,127.360458
449,대지중학교,중학교,경기도 용인시 수지구 죽전동 313-1,경기도 용인시 수지구 대지로51번길 22,37.33105561,127.116311
450,공세초등학교,초등학교,경기도 용인시 기흥구 공세동 693,경기도 용인시 기흥구 탑실로 86-10,37.23901832,127.1164888
451,용인중학교,중학교,경기도 용인시 처인구 김량장동 212,경기도 용인시 처인구 금학로341번길 8,37.23861861,127.2005664
452,용인한국외국어대학교부설고등학교,고등학교,경기도 용인시 처인구 모현읍 왕산리 266,경기도 용인시 처인구 모현읍 외대로54번길 50,37.33045822,127.2567039
453,용천중학교,중학교,경기도 용인시 처인구 이동읍 천리 1132,경기도 용인시 처인구 이동읍 백옥대로587번길 54,37.19144213,127.200828
454,수성고등학교,고등학교,경기도 수원시 장안구 정자동 49,경기도 수원시 장안구 장안로90번길 39,37.29361367,127.0026571
455,소화초등학교,초등학교,경기도 수원시 영통구 원천동 51-26,경기도 수원시 영통구 광교중앙로 30,37.27820749,127.0528005
456,발안초등학교,초등학교,경기도 화성시 향남읍 행정리 392-2,경기도 화성시 향남읍 발안로 8,37.13041863,126.9123884
457,구성중학교,중학교,경기도 용인시 기흥구 마북동 543,경기도 용인시 기흥구 연원로42번길 48,37.29999927,127.114422
458,고림중학교,중학교,경기도 용인시 처인구 고림동 750,경기도 용인시 처인구 고림로74번길 30,37.24047513,127.2184893
459,장평초등학교,초등학교,경기도 용인시 처인구 백암면 장평리 658,경기도 용인시 처인구 백암면 한택로 446,37.11907332,127.3776064
460,신리초등학교,초등학교,경기도 용인시 수지구 신봉동 882,경기도 용인시 수지구 신봉1로48번길 6,37.32235846,127.080823
461,안녕초등학교,초등학교,경기도 화성시 안녕동 50-8,경기도 화성시 화산로 2,37.20589222,127.0085343
462,매현중학교,중학교,경기도 수원시 영통구 매탄동 1284,경기도 수원시 영통구 동탄원천로881번길 20,37.25486284,127.042715
463,서연고등학교,고등학교,경기도 화성시 장지동 973,경기도 화성시 동탄대로4가길 6,37.160819,127.1114322
464,대선초등학교,초등학교,경기도 수원시 영통구 망포동 710,경기도 수원시 영통구 봉영로 1432-19,37.24194618,127.0646545
465,경기체육중학교,중학교,경기도 수원시 장안구 천천동 30-1,경기도 수원시 장안구 상률로 106,37.30395971,126.9785339
466,나루고등학교,고등학교,경기도 화성시 반송동 179,경기도 화성시 금반2길 13,37.18656401,127.0719398
467,수원금곡초등학교,초등학교,경기도 수원시 권선구 금곡동 1004,경기도 수원시 권선구 서수원로617번길 30,37.27970688,126.9526515
468,동백고등학교,고등학교,경기도 용인시 기흥구 동백동 601,경기도 용인시 기흥구 동백7로 61,37.28335075,127.1584727
469,화성동화중학교,중학교,경기도 화성시 봉담읍 동화리 631,경기도 화성시 봉담읍 동화역말길 12,37.213866,126.9623034
470,이솔고등학교,고등학교,경기도 화성시 동탄면 산척동 731,경기도 화성시 동탄순환대로7길 10,37.166508,127.111138
471,송산고등학교,고등학교,경기도 화성시 송산면 사강리 625,경기도 화성시 송산면 송산포도로 102-21,37.2164646,126.738237
472,서천중학교,중학교,경기도 용인시 기흥구 서천동 796,경기도 용인시 기흥구 서천동로 7,37.24001911,127.0758949
473,성복고등학교,고등학교,경기도 용인시 수지구 성복동 782,경기도 용인시 수지구 도마치로 92,37.32336344,127.061123
474,영동중학교,중학교,경기도 수원시 영통구 신동 332-2,경기도 수원시 영통구 영통로 225,37.24794335,127.0559865
475,고색중학교,중학교,경기도 수원시 권선구 고색동 888-92,경기도 수원시 권선구 매송고색로711번길 50,37.25360106,126.9813192
476,죽전중학교,중학교,경기도 용인시 수지구 죽전동 873-4,경기도 용인시 수지구 용구대로2771번길 15,37.33236479,127.1075744
477,우정초등학교,초등학교,경기도 화성시 우정읍 조암리 619,경기도 화성시 우정읍 버들로 136,37.08151771,126.8003518
478,광성초등학교,초등학교,경기도 오산시 세교동 623,경기도 오산시 수목원로 577-18,37.18414545,127.0397103
479,좌항초등학교,초등학교,경기도 용인시 처인구 원삼면 좌항리 126-4,경기도 용인시 처인구 원삼면 원양로 603,37.20182797,127.3203483
480,호매실초등학교,초등학교,경기도 수원시 권선구 호매실동 388-7,경기도 수원시 권선구 매실로 48,37.26731936,126.9563936
481,기흥초등학교,초등학교,경기도 용인시 기흥구 공세동 200-3,경기도 용인시 기흥구 공세로82번길 5,37.23191888,127.1098018
482,왕산초등학교,초등학교,경기도 용인시 처인구 모현읍 왕산리 808-2,경기도 용인시 처인구 모현읍 백옥대로 2366번길 7-8,37.33532653,127.2506285
483,태장초등학교,초등학교,경기도 수원시 영통구 망포동 371,경기도 수원시 영통구 태장로71번길 30,37.24087205,127.0546251
484,곡선초등학교,초등학교,경기도 수원시 권선구 권선동 1199,경기도 수원시 권선구 덕영대로1217번길 36,37.25076143,127.0253992
485,보라초등학교,초등학교,경기도 용인시 기흥구 상갈동 51-1,경기도 용인시 기흥구 금화로105번길 33,37.2639581,127.107222
486,청명고등학교,고등학교,경기도 수원시 영통구 영통동 956-1,경기도 수원시 영통구 영통로 466,37.26089042,127.0773249
487,서원초등학교,초등학교,경기도 용인시 수지구 상현동 826,경기도 용인시 수지구 상현로 45,37.30375053,127.078561
488,효원고등학교,고등학교,경기도 수원시 영통구 매탄동 1154,경기도 수원시 영통구 동수원로 336,37.25941827,127.0390512
489,율목초등학교,초등학교,경기도 화성시 반월동 879,경기도 화성시 영통로50번길 19,37.23705501,127.064349
490,청룡초등학교,초등학교,경기도 화성시 비봉면 청요리 571,경기도 화성시 비봉면 주석로 610,37.20084555,126.8886257
491,서신초등학교,초등학교,경기도 화성시 서신면 매화리 333,경기도 화성시 서신면 매화3길 17,37.17011249,126.7078399
492,세류초등학교,초등학교,경기도 수원시 권선구 세류동 63,경기도 수원시 권선구 세류로 78,37.26636058,127.010354
493,산양초등학교,초등학교,경기도 용인시 기흥구 신갈동 162,경기도 용인시 기흥구 산양로 2,37.28379756,127.108588
494,모현중학교,중학교,경기도 용인시 처인구 모현읍 일산리 540,경기도 용인시 처인구 모현읍 문현로189번길 5,37.34383068,127.231589
495,고현초등학교,초등학교,경기도 수원시 권선구 고색동 280,경기도 수원시 권선구 고현로 12,37.24914159,126.9881439
496,용인심곡초등학교,초등학교,경기도 용인시 수지구 상현동 871,경기도 용인시 수지구 심곡로 59,37.309018,127.0789331
497,상갈중학교,중학교,경기도 용인시 기흥구 상갈동 460,경기도 용인시 기흥구 금화로82번길 7,37.2664741,127.1092177
498,치동중학교,중학교,경기도 화성시 동탄면 영천동 790,경기도 화성시 동탄순환대로 881-9,37.208538,127.0916964
499,덕영고등학교,고등학교,경기도 용인시 처인구 고림동 737-1,경기도 용인시 처인구 고림로74번길 15,37.24160007,127.216194
500,교동초등학교,초등학교,경기도 용인시 기흥구 마북동 618,경기도 용인시 기흥구 마북로 124-10,37.29997921,127.1224865
501,손곡중학교,중학교,경기도 용인시 수지구 동천동 871,경기도 용인시 수지구 수풍로116번길 5,37.33485587,127.0942612
502,이현중학교,중학교,경기도 용인시 수지구 풍덕천동 1181-1,경기도 용인시 수지구 진산로34번길 39,37.31528324,127.096802
503,매현초등학교,초등학교,경기도 수원시 영통구 매탄동 1278,경기도 수원시 영통구 동탄원천로881번길 77,37.25654437,127.0420138
504,삼괴중학교,중학교,경기도 화성시 우정읍 조암리 139,경기도 화성시 우정읍 장안로 35,37.08982064,126.8222924
505,이솔초등학교,초등학교,경기도 화성시 장지동 967,경기도 화성시 동탄순환대로8길 26,37.163224,127.109722
506,용인이동초등학교,초등학교,경기도 용인시 처인구 이동읍 천리 1131,경기도 용인시 처인구 이동면 백옥대로587번길 22,37.190841,127.203512
507,대청초등학교,초등학교,경기도 용인시 수지구 죽전동 1389,경기도 용인시 수지구 죽전로 276,37.334128,127.1290495
508,구운중학교,중학교,경기도 수원시 권선구 구운동 508,경기도 수원시 권선구 금호로 257,37.27680726,126.977418
509,대지고등학교,고등학교,경기도 용인시 수지구 죽전동 1333,경기도 용인시 수지구 동백죽전대로 1066,37.32477894,127.1225516
510,병점중학교,중학교,경기도 화성시 병점동 825,경기도 화성시 병점3로 71,37.210361,127.0400539
511,모현초등학교,초등학교,경기도 용인시 처인구 모현읍 매산리 224-1,경기도 용인시 처인구 모현읍 문현로 179,37.34347639,127.228487
512,초당중학교,중학교,경기도 용인시 기흥구 중동 1048,경기도 용인시 기흥구 동백중앙로 119,37.26553571,127.1568124
513,한일초등학교,초등학교,경기도 수원시 장안구 조원동 882,경기도 수원시 장안구 수일로 150,37.30709739,127.0058123
514,수현초등학교,초등학교,경기도 화성시 봉담읍 수영리 576-1,경기도 화성시 봉담읍 상리3길 110,37.227526,126.950317
515,상하초등학교,초등학교,경기도 용인시 기흥구 상하동 674,경기도 용인시 기흥구 중부대로788번길 27,37.25702806,127.1405398
516,봉담고등학교,고등학교,경기도 화성시 봉담읍 동화리 570,경기도 화성시 봉담읍 상봉길 42,37.21786869,126.953893
517,오산대원초등학교,초등학교,경기도 오산시 갈곶동 258,경기도 오산시 경기대로25번길 45,37.13055379,127.0711928
518,홍천초등학교,초등학교,경기도 용인시 수지구 신봉동 910,경기도 용인시 수지구 신봉2로14번길 49,37.32663648,127.0798022
519,수지초등학교,초등학교,경기도 용인시 수지구 풍덕천동 510,경기도 용인시 수지구 정평로13번길 30,37.3167412,127.085295
520,창용중학교,중학교,경기도 수원시 장안구 연무동 241,경기도 수원시 장안구 연무로8,37.29316862,127.030143
521,영덕초등학교,초등학교,경기도 수원시 영통구 영통동 957-2,경기도 수원시 영통구 영통로 438,37.25905057,127.0739487
522,수원다산중학교,중학교,경기도 수원시 영통구 이의동 1368,경기도 수원시 영통구 혜령로 12,37.2839613,127.051237
523,화양초등학교,초등학교,경기도 수원시 팔달구 화서동 274,경기도 수원시 팔달구 덕영대로735번길 65,37.28354656,126.9950478
524,정남중학교,중학교,경기도 화성시 정남면 신리 85,경기도 화성시 정남면 신리길 76,37.1651297,126.9786516
525,화성초등학교,초등학교,경기도 오산시 수청동 47-1,경기도 오산시 내삼미로 18,37.16477164,127.0691917
526,매홀초등학교,초등학교,경기도 오산시 수청동 534-1,경기도 오산시 청학로147번길 10,37.1627718,127.0632836
527,매홀중학교,중학교,경기도 오산시 수청동 634,경기도 오산시 내삼미로48번길 17,37.16800267,127.0688473
528,고림초등학교,초등학교,경기도 용인시 처인구 고림동 340-2,경기도 용인시 처인구 한터로152번길 22,37.24741981,127.2270746
529,곡정초등학교,초등학교,경기도 수원시 권선구 권선동 1358,경기도 수원시 권선구 곡선로7,37.24085574,127.0256371
530,유신고등학교,고등학교,경기도 수원시 팔달구 우만동 9-1,경기도 수원시 팔달구 월드컵로 216,37.28243152,127.0413483
531,화성벌말초등학교,초등학교,경기도 화성시 병점동 415-2,경기도 화성시 떡전골로 34,37.2025813,127.0379586
532,문정중학교,중학교,경기도 용인시 수지구 풍덕천동 105,경기도 용인시 수지구 포은대로 455,37.32272577,127.0990637
533,필봉초등학교,초등학교,경기도 오산시 금암동 486,경기도 오산시 수청로 124,37.17882611,127.0523788
534,마도초등학교,초등학교,경기도 화성시 마도면 석교리 248,경기도 화성시 마도면 석교로 157,37.20418423,126.7726627
535,영덕고등학교,고등학교,경기도 수원시 영통구 영통동 965-3,경기도 수원시 영통구 매영로 334,37.25242219,127.0684717
536,금암초등학교,초등학교,경기도 오산시 금암동 510,경기도 오산시 수청로 204-20,37.17873483,127.0439479
537,수일중학교,중학교,경기도 수원시 장안구 파장동 414-1,경기도 수원시 장안구 수일로 103,37.31021301,127.0024664
538,보정고등학교,고등학교,경기도 용인시 기흥구 보정동 1281,경기도 용인시 기흥구 보정로 22,37.31390108,127.1096482
539,송림초등학교,초등학교,경기도 수원시 장안구 정자동 889-1,경기도 수원시 장안구 대평로51번길 65,37.2912808,126.9917372
540,노진초등학교,초등학교,경기도 화성시 장안면 노진리 506-6,경기도 화성시 장안면 화곡로 166,37.05160265,126.8091907
541,도이초등학교,초등학교,경기도 화성시 향남읍 행정리 476,경기도 화성시 향남읍 행정동로 87,37.13263324,126.926131
542,용인바이오고등학교,고등학교,경기도 용인시 처인구 이동읍 송전리 692,경기도 용인시 처인구 이동읍 경기동로687번길 28-14,37.140441,127.2007625
543,고정초등학교,초등학교,경기도 화성시 송산면 고정리 1103,경기도 화성시 송산면 공룡로 326,37.23771628,126.738112
544,구봉초등학교,초등학교,경기도 화성시 병점동 862,경기도 화성시 병점1로 105,37.20565996,127.0448127
545,상현고등학교,고등학교,경기도 용인시 수지구 상현동 1129-3,경기도 용인시 수지구 법조로 222,37.29911295,127.074376
546,현암초등학교,초등학교,경기도 용인시 수지구 죽전동 1229,경기도 용인시 수지구 대지로 146,37.32881299,127.1247628
547,잠원초등학교,초등학교,경기도 수원시 영통구 망포동 687,경기도 수원시 영통구 태장로54번길 11,37.23872914,127.0525213
548,반송고등학교,고등학교,경기도 화성시 반송동 213,경기도 화성시 동탄반석로 21,37.19276804,127.0777778
549,손곡초등학교,초등학교,경기도 용인시 수지구 동천동 867,경기도 용인시 수지구 손곡로 68,37.33686539,127.0950036
550,여울초등학교,초등학교,경기도 화성시 오산동 987,경기도 화성시 동탄감배산로 95,37.19510443,127.088947
551,석성초등학교,초등학교,경기도 용인시 기흥구 중동 955,경기도 용인시 기흥구 동백2로 53,37.2703565,127.1580707
552,화서초등학교,초등학교,경기도 수원시 팔달구 화서동 104-2,경기도 수원시 팔달구 팔달로127번길 54-11,37.28119982,127.0005411
553,성지초등학교,초등학교,경기도 용인시 기흥구 구갈동 575,경기도 용인시 기흥구 강남서로 38,37.27496793,127.1286049
554,언동중학교,중학교,경기도 용인시 기흥구 언남동 132-5,경기도 용인시 기흥구 언남로 41,37.29442085,127.1302984
555,제일초등학교,초등학교,경기도 용인시 처인구 양지면 제일리 488-1,경기도 용인시 처인구 양지면 중부대로2517번길 42-7,37.24280483,127.3135289
556,신갈중학교,중학교,경기도 용인시 기흥구 신갈동 113,경기도 용인시 기흥구 용구대로2152번길 23,37.28067138,127.1086862
557,대평초등학교,초등학교,경기도 수원시 장안구 정자동 871-2,경기도 수원시 장안구 대평로 111,37.29774522,126.9907649
558,와우초등학교,초등학교,경기도 화성시 봉담읍 동화리 188,경기도 화성시 봉담읍 식골길 14,37.22010434,126.9719098
559,헌산중학교,중학교,경기도 용인시 처인구 원삼면 사암리 883,경기도 용인시 처인구 원삼면 내동로 50-13,37.17384579,127.2958775
560,구성고등학교,고등학교,경기도 용인시 기흥구 마북동 545-8,경기도 용인시 기흥구 연원로42번길 47,37.29914483,127.115635
561,용인대덕초등학교,초등학교,경기도 용인시 수지구 죽전동 1158,경기도 용인시 수지구 죽전로293번길 1,37.33588361,127.1278322
562,수지고등학교,고등학교,경기도 용인시 수지구 풍덕천동 688,경기도 용인시 수지구 수풍로 73,37.33131984,127.0922274
563,송화초등학교,초등학교,경기도 화성시 병점동 465-5,경기도 화성시 병점중앙로35번길 42,37.20184656,127.0396665
564,신봉고등학교,고등학교,경기도 용인시 수지구 신봉동 979,경기도 용인시 수지구 신봉3로 45,37.32774897,127.0629561
565,세류중학교,중학교,경기도 수원시 권선구 세류동 207,경기도 수원시 권선구 덕영대로1031번길 6,37.2576272,127.0070015
566,조원중학교,중학교,경기도 수원시 장안구 조원동 40,경기도 수원시 장안구 수일로233번길 35,37.30761201,127.0167427
567,수원농생명과학고등학교,고등학교,경기도 수원시 장안구 영화동 109,경기도 수원시 장안구 광교산로 13,37.29515359,127.0194502
568,고색초등학교,초등학교,경기도 수원시 권선구 고색동 887-59,경기도 수원시 권선구 매송고색로 681,37.25156123,126.9783835
569,정자초등학교,초등학교,경기도 수원시 장안구 정자동 873,경기도 수원시 장안구 장안로 191,37.299576,126.9951959
570,신봉중학교,중학교,경기도 용인시 수지구 신봉동 981,경기도 용인시 수지구 신봉3로 43,37.32765873,127.064307
571,수원매화초등학교,초등학교,경기도 수원시 영통구 매탄동 157,경기도 수원시 영통구 권광로304번길 47-17,37.27457739,127.0406845
572,청원초등학교,초등학교,경기도 화성시 마도면 청원리 228-4,경기도 화성시 마도면 해운로 794,37.18820787,126.7608922
573,삼일중학교,중학교,경기도 수원시 팔달구 매향동 10-22,경기도 수원시 팔달구 수원천로 342,37.28439868,127.0185096
574,서신중학교,중학교,경기도 화성시 서신면 상안리 872,경기도 화성시 서신면 바다뜰길 49-9,37.1695636,126.7005959
575,곡반중학교,중학교,경기도 수원시 권선구 곡반정동 519,경기도 수원시 권선구 동수원로146번길 144-7,37.2443514,127.033082
576,망포중학교,중학교,경기도 수원시 영통구 망포동 556-6,경기도 수원시 영통구 태장로82번길 15,37.238235,127.0559614
577,반송초등학교,초등학교,경기도 화성시 반송동 199,경기도 화성시 동탄솔빛로 14,37.19076668,127.070177
578,용인한일초등학교,초등학교,경기도 용인시 기흥구 공세동 680,경기도 용인시 기흥구 한보라1로 145,37.24332154,127.1069279
579,조원고등학교,고등학교,경기도 수원시 장안구 조원동 44,경기도 수원시 장안구 수일로233번길 15,37.30734419,127.0156673
580,보라중학교,중학교,경기도 용인시 기흥구 보라동 614,경기도 용인시 기흥구 한보라1로 63,37.24950722,127.1082152
581,성호초등학교,초등학교,경기도 오산시 오산동 862-1,경기도 오산시 성호새싹길 8,37.15047668,127.070944
582,수원중학교,중학교,경기도 수원시 팔달구 매교동 251,경기도 수원시 팔달구 정조로 666-10,37.26713365,127.0174147
583,파장초등학교,초등학교,경기도 수원시 장안구 파장동 574,경기도 수원시 장안구 경수대로1081번길 32-9,37.30896098,126.9923556
584,경기체육고등학교,고등학교,경기도 수원시 장안구 천천동 30-1,경기도 수원시 장안구 상률로 106,37.30395971,126.9785339
585,장명초등학교,초등학교,경기도 화성시 장안면 장안리 152,경기도 화성시 장안면 장명길 19-8,37.05658023,126.8521592
586,양산초등학교,초등학교,경기도 오산시 양산동 667-3,경기도 오산시 양산로 448,37.19721014,127.0321107
587,석천초등학교,초등학교,경기도 화성시 우정읍 석천리 52-3,경기도 화성시 우정읍 석천길 52,37.05515175,126.7887413
588,세정초등학교,초등학교,경기도 화성시 산척동 408-5,경기도 화성시 동탄순환대로12길 74,37.16678823,127.1260411
589,상현초등학교,초등학교,경기도 용인시 수지구 상현동 53-3,경기도 용인시 수지구 만현로67번길 23,37.30882494,127.089682
590,숙지초등학교,초등학교,경기도 수원시 팔달구 화서동 651,경기도 수원시 팔달구 덕영대로735번길 23-1,37.28323146,126.9917106
591,영통초등학교,초등학교,경기도 수원시 영통구 영통동 963-3,경기도 수원시 영통구 영통로 328,37.25451415,127.0644383
592,우만초등학교,초등학교,경기도 수원시 팔달구 우만동 300-3,경기도 수원시 팔달구 창룡대로210번길 20,37.29144659,127.0324161
593,칠보초등학교,초등학교,경기도 수원시 권선구 금곡동 245-2,경기도 수원시 권선구 금호로37번길 15,37.26986181,126.9553744
594,향남초등학교,초등학교,경기도 화성시 향남읍 백토리 553,경기도 화성시 향남읍 왜골길 7,37.1196974,126.9429182
595,동수원초등학교,초등학교,경기도 수원시 영통구 매탄동 898,경기도 수원시 영통구 인계로189번길 83,37.269568,127.0405268
596,백암고등학교,고등학교,경기도 용인시 처인구 백암면 근창리 166,경기도 용인시 처인구 백암면 백원로 519-9,37.164968,127.3685728
597,천천초등학교,초등학교,경기도 수원시 장안구 천천동 512,경기도 수원시 장안구 정자로42번길 17,37.30058446,126.982582
598,행정초등학교,초등학교,경기도 화성시 향남읍 행정리 493,경기도 화성시 향남읍 행정중앙1로 77,37.12664265,126.9236169
599,일월초등학교,초등학교,경기도 수원시 권선구 구운동 891,경기도 수원시 권선구 일월천로16번길 27,37.28421904,126.9743928
600,용인신봉초등학교,초등학교,경기도 용인시 수지구 신봉동 952,경기도 용인시 수지구 신봉2로 115,37.329657,127.068107
601,구갈중학교,중학교,경기도 용인시 기흥구 신갈동 163,경기도 용인시 기흥구 산양로 12,37.28484009,127.1087237
602,포곡초등학교,초등학교,경기도 용인시 처인구 포곡읍 전대리 167-1,경기도 용인시 처인구 포곡읍 부곡로 24,37.28217962,127.2202404
603,반송중학교,중학교,경기도 화성시 반송동 198,경기도 화성시 탄요1길 13,37.19024001,127.0710854
604,소현초등학교,초등학교,경기도 용인시 수지구 상현동 854,경기도 용인시 수지구 만현로133번길 78,37.30192517,127.0924337
605,천천고등학교,고등학교,경기도 수원시 장안구 천천동 513,경기도 수원시 장안구 정자로42번길 31,37.299453,126.982976
606,포곡고등학교,고등학교,경기도 용인시 처인구 포곡읍 둔전리 88-2,경기도 용인시 처인구 포곡읍 포곡로210번길 26,37.272591,127.2276557
607,수일초등학교,초등학교,경기도 수원시 장안구 파장동 411,경기도 수원시 장안구 수일로 85,37.31086106,127.0008865
608,고진초등학교,초등학교,경기도 용인시 처인구 고림동 1020,경기도 용인시 처인구 고림로 165-1,37.247328,127.218436
609,치동고등학교,고등학교,경기도 화성시 영천동 791,경기도 화성시 동탄순환대로 881-15,37.207606,127.0916952
610,와우고등학교,고등학교,경기도 화성시 봉담읍 동화리 237,경기도 화성시 봉담읍 동화서북안길 5,37.219526,126.9668641
611,광교호수중학교,중학교,경기도 수원시 영통구 원천동 596,경기도 수원시 영통구 월드컵로 8,37.27270031,127.0639887
612,내리숲초등학교,초등학교,경기도 화성시 봉담읍 내리 557-1,경기도 화성시 봉담읍 삼봉안1길 21-7,37.2261717981,126.9237352071
613,새봄초등학교,초등학교,경기도 화성시 병점동 756-298,경기도 화성시 병점노을로 19,37.20146282,127.0297732
